Unnamed: 0,1stFlrSF,2ndFlrSF,BedroomAbvGr,BsmtExposure,BsmtFinSF1,BsmtFinType1,BsmtUnfSF,EnclosedPorch,GarageArea,GarageFinish,GarageYrBlt,GrLivArea,KitchenQual,LotArea,LotFrontage,MasVnrArea,OpenPorchSF,OverallCond,OverallQual,TotalBsmtSF,WoodDeckSF,YearBuilt,YearRemodAdd
809,1075,1063,2,3,0,6,849,90,360,3,1910,2138,3,8100,90,0,156,5,5,849,0,1898,1965
608,1940,1254,4,2,428,1,537,78,380,3,1934,3194,3,12168,78,0,0,6,8,965,0,1934,1998
1189,1028,776,3,3,0,6,994,60,442,0,1999,1804,2,7500,60,0,60,5,7,994,0,1999,1999
1039,630,0,1,0,509,2,121,21,286,3,1970,630,3,1477,21,0,0,4,4,630,0,1970,1970
1297,1072,0,2,1,547,2,0,35,525,0,2005,1072,3,3675,35,82,44,5,6,547,0,2005,2006
1357,1078,0,3,3,734,2,344,70,500,0,1971,1078,3,12537,70,0,0,6,5,1078,0,1971,2008
581,2042,0,3,3,0,6,2042,98,1390,2,2009,2042,0,12704,98,306,90,5,8,2042,0,2008,2009
541,1288,997,4,3,0,6,969,70,648,0,2000,2285,2,11000,70,72,56,5,8,969,0,2000,2000
183,1362,720,3,3,0,6,1362,63,484,3,2003,2082,2,11426,63,0,238,5,7,1362,0,2003,2003
831,600,520,2,3,0,6,600,30,480,2,2005,1200,2,3180,30,0,166,5,7,600,0,2005,2005
686,887,874,3,3,0,6,874,84,578,0,2007,1761,2,10207,84,0,105,6,7,874,0,2007,2007
44,1150,0,3,3,775,0,375,70,300,2,1959,1150,3,7945,70,0,0,6,5,1150,0,1959,1959
512,864,0,3,3,582,1,282,70,624,3,1964,864,3,9100,70,0,0,5,5,864,0,1958,1958
134,1721,0,3,3,570,5,891,78,440,2,1968,1721,3,10335,78,0,96,6,5,1461,0,1968,1993
228,912,0,3,3,842,0,70,70,336,3,1974,912,3,8521,70,0,0,5,5,912,0,1967,1967
517,1277,1067,3,3,0,6,1264,79,889,2,1996,2344,2,10208,79,921,0,5,7,1264,0,1996,1997
840,810,672,3,3,156,1,516,70,400,3,1934,1482,1,12155,70,0,0,8,6,672,0,1925,1950
217,810,518,3,3,0,6,686,57,210,3,1940,1328,3,9906,57,0,172,4,4,686,0,1925,1950
717,1178,0,3,3,1084,1,92,80,439,3,1973,1178,2,10000,80,0,0,6,5,1176,0,1973,2000
619,1482,780,3,1,871,2,611,85,749,0,2003,2262,2,12244,85,226,0,5,8,1482,0,2003,2003
60,1158,0,3,3,941,0,217,63,576,3,2006,1158,2,13072,63,0,50,5,6,1158,0,2004,2004
889,1505,0,2,3,1024,6,481,128,505,2,1953,1505,3,12160,128,90,0,4,6,1505,0,1953,1953
551,928,0,3,3,308,5,620,50,288,0,1957,928,3,6000,50,0,0,6,5,928,0,1957,1957
1239,1484,0,2,0,428,2,1048,64,472,2,2006,1484,0,9037,64,32,33,5,8,1476,0,2006,2006
521,1244,0,3,3,777,5,467,90,336,3,1957,1244,3,11988,90,0,40,6,6,1244,0,1957,1957
693,1073,0,2,3,0,6,1073,60,326,3,1968,1073,3,5400,60,0,0,6,5,1073,0,1921,1968
1000,944,0,2,4,0,4,0,74,528,3,1956,944,1,10206,74,0,0,3,3,0,0,1952,1952
1353,2053,1185,4,0,816,6,1217,56,666,0,1996,3238,2,14720,56,579,86,5,8,2033,0,1995,1996
780,1253,0,3,3,0,6,1237,63,402,0,1995,1253,3,7875,63,38,21,5,7,1237,0,1995,1996
603,600,600,2,3,0,6,600,30,480,2,2004,1200,2,3182,30,0,172,5,7,600,0,2004,2005
1263,1060,764,3,3,0,6,764,60,520,3,1940,1824,3,13515,60,0,0,6,6,764,0,1919,1950
459,979,224,3,3,185,3,524,70,352,3,1950,1203,2,7015,70,161,0,4,5,709,0,1950,1950
97,960,0,3,3,520,5,440,73,432,0,1965,960,3,10921,73,48,0,5,4,960,0,1965,1965
192,1431,0,3,0,560,2,871,68,666,0,1999,1431,2,9017,68,0,35,5,7,1431,0,1999,1999
900,858,0,2,3,322,0,536,70,684,3,1979,858,3,7340,70,0,0,6,4,858,0,1971,1971
1436,864,0,3,3,616,0,248,60,528,3,1974,864,3,9000,60,0,0,6,4,864,0,1971,1971
35,1320,1132,4,0,0,6,1117,108,691,3,2004,2452,2,13418,108,132,32,5,8,1117,0,2004,2005
1367,925,550,4,3,510,0,247,41,336,2,1977,1475,3,2665,41,0,26,6,5,757,0,1977,1977
415,1340,0,3,0,24,2,1316,73,396,0,2007,1340,2,8899,73,0,30,5,7,1340,0,2007,2007
308,861,0,1,3,262,1,599,70,539,3,1961,861,3,12342,70,0,0,5,4,861,0,1940,1950
1116,779,640,3,3,353,2,55,70,527,0,2002,1419,2,7750,70,0,0,5,8,408,0,2002,2002
768,1836,0,3,3,24,2,1836,70,484,0,2004,1836,2,9100,70,0,33,5,7,1860,0,2004,2005
440,2402,0,2,1,2084,2,1010,105,672,0,2008,2402,0,15431,105,200,72,5,10,3094,0,2008,2008
728,1776,0,4,3,0,6,1584,85,888,3,1968,1776,3,11475,85,95,25,5,5,1584,0,1958,1958
108,997,0,3,3,0,6,793,85,0,1,1919,1517,1,8500,85,0,0,7,5,793,0,1919,2005
0,856,854,3,3,706,2,150,65,548,2,2003,1710,2,8450,65,196,61,5,7,856,0,2003,2003
644,1766,0,2,2,1121,2,645,85,478,0,2009,1766,0,9187,85,162,130,5,9,1766,0,2009,2009
737,901,900,3,3,0,6,893,72,800,3,2005,1801,2,10463,72,0,116,5,8,893,0,2005,2005
928,1788,0,3,0,0,6,1753,70,522,2,2001,1788,0,11838,70,0,151,5,8,1753,0,2001,2001
576,877,600,3,3,0,6,861,52,216,3,1928,1477,3,6292,52,0,50,7,7,861,0,1928,1950
1400,950,208,3,3,0,6,862,50,208,2,1929,1158,3,6000,50,0,0,7,6,862,0,1929,1950
1324,1795,0,2,0,0,6,1795,75,895,2,2007,1795,2,9986,75,428,49,5,8,1795,0,2006,2007
764,1494,0,2,0,437,3,1057,30,481,0,1995,1494,0,9549,30,0,30,5,8,1494,0,1995,1996
268,778,0,2,3,499,0,241,71,924,3,1966,778,3,6900,71,0,25,6,5,740,0,1940,1955
114,1436,884,3,3,693,0,335,61,180,3,1945,2320,2,7259,61,0,0,8,6,1028,0,1945,2002
587,860,0,2,0,672,0,168,74,528,3,1996,860,3,8740,74,0,0,6,5,840,0,1982,1982
832,941,888,3,3,483,2,458,44,613,2,2003,1829,2,9548,44,223,39,6,7,941,0,2003,2003
665,1454,482,3,3,0,6,1406,106,504,2,2000,1936,2,11194,106,40,124,5,8,1406,188,2000,2000
1149,832,650,3,3,624,0,26,50,324,3,1930,1482,3,9000,50,0,0,9,7,650,0,1920,1988
681,848,672,3,3,182,5,611,55,281,3,1968,1520,3,4500,55,0,0,5,5,793,0,1932,2000
850,848,0,1,0,659,2,189,36,420,0,2003,848,2,4435,36,170,0,5,6,848,140,2003,2003
774,1973,0,3,0,0,6,1935,110,895,0,2006,1973,2,14226,110,375,45,5,8,1935,0,2006,2006
14,1253,0,2,3,733,1,520,70,352,2,1960,1253,3,10920,70,212,213,5,6,1253,0,1960,1960
1100,438,0,1,3,290,5,0,60,246,3,1930,438,1,8400,60,0,0,5,2,290,0,1920,1950
501,902,866,3,3,400,2,466,75,603,2,2005,1768,2,9803,75,0,108,5,7,866,0,2005,2005
94,905,881,3,3,648,2,176,69,684,2,1997,1786,2,9337,69,0,162,5,6,824,0,1997,1997
93,1260,1031,4,2,1046,5,168,60,506,3,1910,2291,3,7200,60,0,0,6,6,1214,0,1910,1998
578,703,689,2,3,0,6,689,34,540,3,2007,1392,2,3604,34,0,102,5,7,689,0,2007,2007
482,916,0,4,3,299,0,611,50,164,3,1915,1826,0,2500,50,0,0,8,7,910,0,1915,2005
381,1301,0,2,3,0,6,1293,60,572,2,2006,1301,2,7200,60,0,121,5,7,1293,0,2006,2006
1264,1337,0,2,3,266,2,1139,34,511,0,1998,1337,2,4060,34,0,68,5,6,1405,0,1998,1999
1454,1221,0,2,3,410,2,811,62,400,2,2004,1221,2,7500,62,0,113,5,7,1221,0,2004,2005
372,752,0,2,3,623,0,121,50,264,3,1984,752,3,7175,50,0,0,5,6,744,0,1984,1984
998,1077,0,3,3,0,6,1007,60,210,3,1922,1077,3,9786,60,0,100,4,3,1007,0,1922,1950
883,954,795,5,3,0,6,795,60,440,3,1997,2230,3,6204,60,0,188,5,4,795,0,1912,1950
792,1127,886,3,0,862,6,255,92,455,3,1997,2013,3,9920,92,0,130,5,7,1117,0,1996,1997
617,832,0,2,3,0,6,832,59,528,3,1962,832,2,7227,59,0,0,6,6,832,0,1954,1954
1028,968,408,3,3,518,5,250,79,240,3,1941,1376,3,9492,79,0,0,5,5,768,0,1941,1950
449,679,504,2,3,331,0,318,50,308,3,1981,1183,3,6000,50,0,176,7,3,649,0,1948,2002
1055,1523,0,2,3,644,0,549,104,478,0,1976,1523,3,11361,104,160,0,5,6,1193,0,1976,1976
1254,896,760,3,3,0,6,746,60,397,0,2003,1656,2,6931,60,92,128,5,7,746,0,2003,2004
196,1726,0,3,3,1126,6,600,79,786,3,2007,1726,0,9416,79,205,138,5,7,1726,0,2007,2007
27,1704,0,3,3,1218,2,486,98,772,3,2008,1704,2,11478,98,200,50,5,8,1704,0,2007,2008
1157,1314,0,2,3,904,2,410,34,626,3,2008,1314,2,5001,34,166,62,5,7,1314,0,2007,2008
639,1567,0,1,0,1154,2,366,53,648,0,2006,1567,0,3982,53,0,0,5,8,1520,0,2006,2006
904,902,0,3,3,599,2,277,70,288,3,1967,902,3,6173,70,75,0,6,5,876,0,1967,1967
393,788,0,2,3,266,5,522,70,0,1,1941,788,3,7446,70,0,0,5,4,788,0,1941,1950
825,2084,0,2,0,1636,2,442,114,1220,0,2007,2084,0,14803,114,816,45,5,10,2078,0,2007,2008
959,720,696,3,3,604,0,92,24,484,3,1999,1416,2,2572,24,0,44,5,7,696,0,1999,1999
606,1040,0,3,3,732,2,308,82,576,3,2000,1040,2,12464,82,0,0,5,5,1040,0,1996,1996
163,882,0,1,3,0,6,882,55,0,1,1956,882,3,5500,55,0,0,6,4,882,0,1956,1956
1312,1453,1357,4,3,482,2,971,70,750,2,1990,2810,2,9572,70,336,0,5,8,1453,0,1990,1990
682,1291,0,2,2,1003,2,288,70,431,3,1996,1291,2,2887,70,0,0,5,6,1291,307,1996,1997
1245,1140,728,3,3,0,6,585,78,477,0,1984,1868,3,12090,78,74,112,7,6,585,0,1984,2003
1247,1034,0,3,0,539,2,473,70,888,3,1976,1034,3,12328,70,335,0,5,6,1012,0,1976,1976
337,1536,0,3,0,810,2,726,70,532,2,2002,1536,2,9135,70,113,74,5,7,1536,0,2002,2003
1433,962,830,3,3,0,6,936,93,451,0,2000,1792,3,10261,93,318,0,5,6,936,0,2000,2000
1036,1620,0,2,1,1022,2,598,89,912,0,2008,1620,0,12898,89,70,0,5,9,1620,0,2007,2008
893,1383,0,3,2,1064,1,319,70,354,3,1954,1383,3,13284,70,0,116,5,5,1383,0,1954,1954
1431,958,0,2,3,958,3,0,70,440,2,1976,958,3,4928,70,0,60,6,6,958,0,1976,1976
285,625,625,2,3,0,6,625,35,528,2,2006,1250,2,4251,35,0,54,5,7,625,0,2006,2007
374,1081,847,4,3,0,6,847,65,434,0,2003,1928,2,8200,65,0,48,5,7,847,0,2003,2004
912,1015,0,3,3,489,5,279,51,450,3,1925,1015,3,6120,51,0,0,7,5,768,0,1925,1950
1098,757,567,3,3,672,1,0,50,240,3,1936,1324,3,6000,50,0,0,6,4,672,0,1936,1950
1396,1687,0,3,0,504,1,243,70,572,3,1966,1687,3,57200,70,0,0,5,5,747,0,1948,1950
435,834,827,3,0,539,2,260,43,550,2,1996,1661,2,10667,43,0,61,6,7,799,0,1996,1996
676,1095,679,4,3,0,6,1095,60,779,3,1920,1774,3,9600,60,0,0,2,4,1095,0,1900,1950
19,1339,0,3,3,504,3,525,70,294,3,1958,1339,3,7560,70,0,0,6,5,1029,0,1958,1965
66,2207,0,3,1,912,2,1035,70,576,2,1970,2207,3,19900,70,287,0,5,7,1947,0,1970,1989
32,1234,0,3,0,0,6,1234,85,484,2,2007,1234,2,11049,85,0,30,5,8,1234,0,2007,2007
441,1440,0,4,3,133,0,1307,92,0,1,1955,1440,1,12108,92,270,0,4,4,1440,0,1955,1955
816,1008,0,2,3,486,1,522,70,275,3,1954,1008,3,11425,70,0,0,6,5,1008,0,1954,1954
1416,1246,1044,4,3,0,6,777,60,560,3,1971,2290,3,11340,60,0,0,6,4,777,0,1885,1950
311,972,0,2,3,680,0,292,50,240,3,1948,972,3,8000,50,0,0,6,6,972,0,1948,2002
404,806,766,3,3,0,6,806,70,373,0,1995,1572,3,10364,70,0,40,5,6,806,0,1995,1996
723,997,0,4,3,0,6,941,60,548,3,1958,1470,3,8172,60,0,0,6,4,941,0,1954,1972
828,1160,966,3,1,249,3,764,70,538,0,1967,2126,3,28698,70,0,0,5,5,1013,0,1967,1967
1141,1088,780,4,3,381,0,399,70,484,3,1976,1868,2,10304,70,44,96,7,5,780,0,1976,1976
1016,1504,0,3,1,690,2,814,73,478,0,1996,1504,2,11883,73,196,66,5,7,1504,0,1996,1996
231,1490,1304,4,3,689,6,773,174,810,0,1995,2794,0,15138,174,506,146,5,8,1462,0,1995,1996
287,858,0,3,3,614,1,244,70,0,1,1971,858,3,8125,70,0,0,4,4,858,0,1971,1971
887,872,521,3,3,0,6,816,59,300,3,1955,1393,3,16466,59,0,0,7,5,816,0,1955,1955
1217,1314,0,3,2,936,2,364,72,552,2,2009,1314,2,8640,72,72,112,5,8,1300,0,2009,2009
418,756,378,3,3,312,0,444,60,240,3,1940,1134,3,8160,60,0,0,6,5,756,0,1940,1950
924,1686,0,3,3,625,1,1061,79,612,3,1980,1686,3,10240,79,157,131,6,6,1686,0,1980,1980
1209,1660,0,3,2,1220,2,440,85,500,2,2006,1660,2,10182,85,420,50,5,8,1660,0,2006,2006
1183,1130,0,2,3,821,6,299,60,720,3,1970,1130,3,10800,60,0,0,6,5,1120,0,1920,1950
903,1670,0,3,3,0,6,1670,50,690,2,2006,1670,2,14859,50,27,60,5,7,1670,0,2006,2006
786,966,686,4,3,686,3,0,60,416,3,1961,1652,3,10800,60,0,0,6,5,686,0,1915,1950
899,1236,0,3,3,465,1,447,65,288,3,1961,1236,3,6993,65,0,0,7,5,912,0,1961,1994
691,2444,1872,4,1,1455,2,989,104,832,0,1994,4316,0,21535,104,1170,50,6,10,2444,382,1994,1995
955,979,979,4,3,484,5,495,82,492,3,1946,1958,3,7136,82,423,0,6,6,979,0,1946,1950
511,1368,0,2,3,0,6,1368,40,474,3,2005,1368,2,6792,40,94,35,5,7,1368,0,2005,2006
1453,1140,0,3,3,0,6,1140,90,0,1,2006,1140,3,17217,90,0,56,5,5,1140,0,2006,2006
1170,1118,0,3,0,522,0,574,76,358,0,1977,1118,3,9880,76,0,0,6,6,1096,0,1977,1977
1375,1571,0,3,1,0,6,1571,89,722,0,2007,1571,2,10991,89,80,36,5,8,1571,0,2007,2007
350,1869,0,2,3,0,6,1869,68,617,2,2007,1869,0,7820,68,362,54,5,9,1869,0,2007,2007
384,1079,874,3,0,985,2,595,70,501,0,1992,1953,2,53107,70,0,231,5,6,1580,0,1992,1992
651,755,755,4,2,0,6,755,60,296,3,1940,1510,3,9084,60,0,0,5,4,755,0,1940,1950
274,816,0,2,1,546,0,270,76,264,3,1982,816,3,8314,76,0,0,7,5,816,0,1982,1982
1253,1516,651,3,1,803,3,389,70,518,2,1974,2167,2,17542,70,0,47,7,7,1192,0,1974,2003
116,1092,0,3,3,736,3,356,70,288,3,1962,1092,3,11616,70,116,20,5,5,1092,0,1962,1962
480,1850,0,3,1,1261,2,572,98,772,0,2004,1850,2,16033,98,378,112,5,9,1833,0,2004,2005
234,1100,860,4,3,625,2,235,70,440,0,2002,1960,2,7851,70,0,48,5,6,860,288,2002,2002
642,2000,704,4,1,1410,6,542,75,538,0,1972,2704,0,13860,75,0,111,7,8,1952,0,1972,1995
613,1120,0,2,3,206,0,914,70,0,1,2007,1120,3,8402,70,0,30,5,5,1120,0,2007,2007
1408,741,622,3,3,0,6,622,60,528,3,1966,1363,3,7740,60,0,0,7,4,622,0,1910,1950
1054,1091,898,3,2,932,2,133,90,586,0,2002,1989,2,11367,90,210,60,5,8,1065,0,2002,2002
119,728,728,3,3,0,6,728,65,390,0,2005,1456,2,8461,65,0,24,5,6,728,0,2005,2006
364,790,784,3,2,712,2,84,70,566,0,1976,1574,3,18800,70,120,111,5,6,796,0,1976,1976
1450,896,896,4,3,0,6,896,60,0,1,1974,1792,3,9000,60,0,45,5,5,896,0,1974,1974
25,1600,0,3,3,0,6,1566,110,890,2,2007,1600,2,14230,110,640,56,5,8,1566,0,2007,2007
1221,1211,0,3,3,642,1,310,55,322,3,1968,1211,3,8250,55,0,63,5,5,952,0,1968,1968
1166,1694,0,2,0,0,6,1694,64,776,3,2008,1694,2,10475,64,72,33,5,8,1694,160,2008,2008
1015,855,810,3,3,643,2,167,70,528,0,2001,1665,2,8400,70,0,45,6,8,810,0,2001,2001
1129,936,0,2,1,936,2,0,60,672,3,1980,936,3,7200,60,180,0,5,5,936,0,1980,1980
1143,1006,0,3,3,288,2,718,70,0,1,1959,1006,3,9000,70,0,24,3,5,1006,0,1959,1959
1457,1188,1152,4,3,275,2,877,66,252,2,1941,2340,2,9042,66,0,60,9,7,1152,0,1941,2006
846,1006,769,3,3,513,0,227,75,425,3,1993,1775,2,9317,75,137,72,5,7,740,0,1993,1993
22,1795,0,3,3,0,6,1777,75,534,2,2002,1795,2,9742,75,281,159,5,8,1777,0,2002,2002
801,1196,0,2,3,197,3,999,40,440,3,1957,1196,3,4800,40,0,0,7,4,1196,0,1916,1990
1385,796,358,3,3,735,1,61,40,240,3,1922,1154,2,5436,40,0,96,8,4,796,0,1922,2007
48,736,716,2,3,0,6,736,33,0,1,1920,1452,3,4456,33,0,0,5,4,736,0,1920,2008
392,882,0,3,4,0,4,0,70,294,2,1959,882,3,8339,70,0,0,7,5,0,0,1959,1959
829,623,520,2,3,0,6,600,24,480,2,2005,1223,2,2544,24,0,166,5,7,600,0,2005,2005
1008,1710,0,3,2,0,6,1710,43,550,3,2004,1710,2,12118,43,108,48,5,7,1710,0,2004,2005
1109,1836,0,3,2,1039,2,797,107,862,0,2004,1836,2,11362,107,42,185,5,8,1836,0,2004,2005
602,988,927,3,2,789,2,119,80,506,0,1992,1915,2,10041,80,0,150,5,8,908,0,1992,1992
63,902,808,3,3,0,6,576,50,480,3,1990,1710,3,10300,50,0,11,6,7,576,0,1921,1950
46,1518,631,1,3,1351,2,83,48,670,2,2003,2149,2,12822,48,0,43,5,7,1434,0,2003,2003
721,848,0,1,0,662,2,186,70,420,3,2004,848,2,4426,70,169,0,5,6,848,0,2004,2004
549,1182,912,4,3,0,6,912,75,615,0,2003,2094,2,9375,75,0,182,5,7,912,0,2003,2004
835,1067,0,2,3,442,1,625,60,436,3,1996,1067,2,9600,60,0,0,7,4,1067,0,1950,1995
595,1826,0,3,1,1422,2,392,69,758,3,2005,1826,2,11302,69,238,75,5,8,1814,180,2005,2006
1265,739,713,3,3,450,2,241,35,506,3,1999,1452,2,3735,35,218,34,5,7,691,0,1999,1999
891,918,765,3,3,619,3,299,70,440,2,1978,1683,3,11184,70,92,0,5,6,918,0,1978,1978
220,1498,0,2,2,0,6,1498,73,675,3,2006,1498,2,8990,73,0,33,5,7,1498,351,2006,2006
648,1051,788,4,3,0,6,756,70,442,3,1966,1839,3,7700,70,351,124,5,6,756,0,1966,1966
833,1516,0,3,3,1022,5,494,100,472,2,1964,1516,3,10004,100,180,0,6,6,1516,0,1964,1964
892,1068,0,3,3,663,2,396,70,264,2,1963,1068,3,8414,70,0,0,8,6,1059,0,1963,2003
181,901,901,4,3,352,3,441,54,216,3,1920,1802,3,7588,54,0,0,6,7,793,0,1920,1950
165,808,547,4,3,434,0,210,62,0,1,1940,1355,3,10106,62,0,0,7,5,644,0,1940,1999
80,1182,960,3,3,448,5,448,100,509,0,1968,2142,2,13000,100,576,72,6,6,896,0,1968,1968
838,1099,0,3,3,0,6,1099,75,352,3,1999,1099,2,9525,75,0,0,6,5,1099,0,1995,2006
1383,1416,0,3,3,0,6,816,70,576,3,2007,1416,2,25339,70,0,0,7,5,816,0,1918,2007
320,1347,1249,4,0,0,6,1249,111,840,2,2006,2596,2,16259,111,370,154,5,9,1249,0,2006,2006
1418,1144,0,3,3,771,1,373,71,336,3,1963,1144,3,9204,71,0,88,5,5,1144,0,1963,1963
988,1118,912,4,3,156,3,692,70,551,0,1976,2030,2,12046,70,298,224,6,6,848,0,1976,1976
561,1389,0,2,0,936,0,453,77,418,2,1975,1389,3,10010,77,0,38,5,5,1389,0,1974,1975
695,1137,0,2,3,749,2,363,54,551,3,1987,1137,2,13811,54,72,0,6,6,1112,0,1987,1987
230,1194,0,3,3,0,6,1194,73,312,2,1959,1194,3,8760,73,220,0,6,6,1194,0,1959,1959
1010,720,551,3,3,0,6,720,115,312,3,1948,1271,3,21286,115,0,0,5,5,720,0,1948,1950
1377,984,620,3,3,663,6,321,60,660,3,1977,1604,3,10998,60,0,68,5,5,984,0,1941,1960
668,1437,0,3,3,988,5,200,70,576,3,1999,1437,3,14175,70,0,0,6,5,1188,0,1956,1987
113,2259,0,3,2,1219,6,590,70,450,3,1953,2259,2,21000,70,184,120,5,6,1809,0,1953,1953
1121,1552,0,3,0,24,2,1528,84,782,3,2005,1552,2,10084,84,196,20,5,7,1552,0,2005,2006
718,1325,1093,3,1,1173,2,138,96,983,2,1993,2418,2,10542,96,651,154,5,7,1311,0,1993,1994
1103,1194,0,3,2,655,0,0,79,539,0,1959,1194,3,8910,79,0,0,6,6,655,0,1959,1959
834,1144,0,3,3,572,5,572,75,456,3,1961,1144,3,7875,75,136,0,6,5,1144,0,1961,1961
1201,913,866,3,0,0,6,866,80,546,2,1998,1779,2,10400,80,0,36,5,7,866,0,1998,1998
460,1103,832,3,3,544,2,288,75,552,0,2009,1935,3,8004,75,110,150,5,8,832,0,2009,2009
78,1768,0,4,3,0,6,1768,72,0,1,1968,1768,3,10778,72,0,0,5,4,1768,0,1968,1968
519,1276,804,3,3,0,6,1276,53,282,3,1926,2080,2,10918,53,0,0,9,7,1276,0,1926,2004
698,894,0,3,3,603,2,291,65,336,3,1973,894,3,8450,65,0,144,8,5,894,416,1965,2009
969,1095,0,2,1,513,0,75,75,264,3,1958,1095,3,10382,75,105,0,5,6,588,0,1958,1958
749,1088,441,4,4,0,4,0,50,240,3,1945,1529,3,8405,50,0,0,3,4,0,0,1945,1950
645,981,0,3,3,661,0,320,70,576,3,1979,981,3,10530,70,0,312,5,6,981,0,1971,1971
763,1268,1097,3,2,1163,2,89,82,856,3,1999,2365,2,9430,82,673,128,5,8,1252,0,1999,1999
1356,892,0,3,3,340,5,524,70,264,2,1966,892,3,9477,70,65,0,5,5,864,0,1966,1966
1114,833,0,2,3,415,5,418,90,326,3,1955,833,2,5400,90,0,0,7,5,833,0,1954,2000
885,1709,0,2,0,1238,2,460,50,506,0,1999,1709,2,5119,50,60,65,5,9,1698,0,1999,2000
341,841,0,2,3,0,6,721,60,294,3,1950,841,3,8400,60,0,0,4,4,721,0,1950,1950
970,720,472,4,3,0,6,720,60,0,1,1949,1192,3,10800,60,0,0,4,4,720,0,1949,1950
856,1026,0,3,1,505,2,435,70,576,3,1981,1026,3,10970,70,0,0,6,6,940,0,1978,1978
277,864,0,2,3,120,3,744,140,400,3,1951,864,3,19138,140,0,0,5,4,864,0,1951,1951
1255,959,408,3,3,425,3,459,52,560,3,1978,1367,3,6240,52,0,0,6,6,884,0,1931,1950
1007,546,0,3,3,273,1,273,21,286,2,1970,1092,3,2217,21,0,0,4,4,546,0,1970,1970
161,1572,1096,3,0,1016,2,556,110,726,0,2003,2668,0,13688,110,664,0,5,9,1572,0,2003,2004
1271,1489,0,3,3,0,6,1489,70,462,2,1968,1489,2,9156,70,0,0,7,6,1489,0,1968,1968
747,1320,1320,4,3,0,6,1240,65,864,3,1950,2640,2,11700,65,0,0,7,7,1240,0,1880,2003
425,707,682,3,3,0,6,651,60,240,3,1947,1389,3,3378,60,0,0,8,7,651,0,1946,1992
1381,2117,0,4,2,865,1,340,70,550,0,1970,2117,3,12925,70,0,42,7,6,1205,0,1970,1970
454,1728,0,4,3,1606,0,122,63,560,3,1976,1728,3,9297,63,0,0,5,5,1728,0,1976,1976
198,929,929,5,3,0,6,755,92,0,1,1912,2229,3,5520,92,0,198,6,6,755,0,1912,1950
592,816,0,2,3,816,6,0,60,816,0,1985,816,3,6600,60,0,0,8,5,816,0,1982,2003
514,789,0,2,3,0,6,768,55,200,3,1926,789,3,10594,55,0,0,5,5,768,0,1926,1950
204,720,564,2,3,312,3,408,50,240,3,1948,1284,3,3500,50,0,35,7,5,720,0,1947,1950
544,664,0,3,0,554,2,100,58,426,2,2006,1496,2,17104,58,0,24,5,7,654,100,2006,2006
1437,1932,0,2,0,1336,2,596,96,774,0,2008,1932,0,12444,96,426,66,5,8,1932,0,2008,2008
704,1484,0,3,0,712,2,761,70,606,2,2004,1484,2,8400,70,109,35,5,7,1473,0,2004,2005
1351,858,858,4,3,319,5,539,70,490,0,1962,1716,3,9247,70,318,84,6,6,858,0,1962,1962
106,1047,0,2,3,0,6,641,60,273,3,1954,1047,3,10800,60,0,0,7,4,641,0,1885,1995
963,1800,0,2,3,0,6,1800,122,702,0,2007,1800,0,11923,122,0,136,5,9,1800,0,2007,2007
803,1734,1088,3,1,0,6,1734,107,1020,2,2009,2822,0,13891,107,424,170,5,9,1734,0,2008,2009
171,1656,0,3,1,639,1,441,141,528,0,1960,1656,3,31770,141,112,62,5,6,1080,0,1960,1960
233,894,0,3,0,182,3,712,75,308,3,1976,894,3,10650,75,0,0,6,5,894,0,1976,1976
98,835,0,2,3,108,0,350,85,366,3,1920,835,3,10625,85,0,0,5,5,458,0,1920,1950
216,1436,0,3,2,946,2,490,65,484,3,2004,1436,2,8450,65,266,98,5,7,1436,139,2004,2004
615,1054,0,3,1,763,2,173,80,480,2,1963,1054,2,8800,80,156,0,7,6,936,0,1963,1963
901,1306,0,2,2,860,1,132,64,756,3,1968,1306,3,8712,64,0,0,7,5,992,0,1957,2000
855,1040,0,3,3,659,0,381,70,260,3,1962,1040,3,6897,70,0,104,8,5,1040,0,1962,2010
10,1040,0,3,3,906,5,134,70,384,3,1965,1040,3,11200,70,0,0,5,5,1040,0,1965,1965
395,1144,0,2,0,739,1,405,68,596,3,1956,1144,3,9571,68,0,0,6,5,1144,44,1956,1956
1251,1405,0,2,3,0,6,1405,70,478,2,2003,1405,2,3136,70,163,36,5,7,1405,0,2003,2003
1086,546,546,3,3,334,1,212,70,286,2,1973,1092,3,1974,70,0,96,5,4,546,0,1973,1973
914,612,612,2,0,294,2,318,30,528,2,2009,1224,2,3000,30,76,234,5,6,612,0,2009,2009
755,742,729,3,3,381,2,348,34,440,3,1999,1471,3,3230,34,894,24,5,6,729,0,1999,1999
139,928,836,3,3,821,2,107,65,470,2,1997,1764,2,15426,65,0,99,5,6,928,0,1997,1997
1132,1178,1032,5,2,0,6,1008,90,205,3,1930,2210,1,9900,90,0,48,4,6,1008,0,1880,1950
298,1041,702,3,3,473,0,229,90,539,3,1968,1743,3,11700,90,365,0,6,6,702,0,1968,1968
437,904,0,2,3,0,6,884,50,180,3,1926,904,3,6000,50,0,0,7,6,884,0,1926,2004
1322,1061,862,3,3,674,2,76,107,564,2,1992,1923,2,10186,107,0,39,5,7,750,0,1992,1992
505,1000,960,4,3,0,6,960,60,400,3,1952,1960,3,7596,60,360,0,5,5,960,0,1952,1952
1405,1646,0,2,1,1373,2,221,44,482,0,2004,1646,2,3842,44,174,53,5,8,1594,0,2004,2005
188,1224,0,2,0,1086,2,0,64,528,3,1979,1224,3,7018,64,275,0,5,5,1086,0,1979,1979
808,1086,0,3,0,690,0,334,85,484,2,1966,1086,3,13400,85,1047,0,5,5,1024,0,1966,1966
82,1563,0,3,3,33,2,1530,78,758,2,2007,1563,2,10206,78,468,99,5,8,1563,0,2007,2007
1118,1021,580,3,3,0,6,533,85,300,2,1958,1601,3,13825,85,0,34,6,5,533,0,1958,1987
87,612,612,3,0,0,6,612,40,528,2,2009,1224,2,3951,40,76,234,5,6,612,0,2009,2009
388,1479,0,3,3,0,6,1468,93,577,2,1999,1479,2,9382,93,125,25,5,7,1468,0,1999,2000
1411,1112,0,3,3,120,1,736,80,271,3,1950,1668,3,9600,80,0,0,8,6,856,0,1950,2005
800,1072,616,4,1,462,2,154,79,603,2,1997,1688,2,12798,79,0,114,5,6,616,0,1997,1997
1330,1588,0,3,0,0,6,1588,85,825,3,2006,1588,2,10000,85,410,45,5,8,1588,0,2006,2006
785,1342,0,3,3,925,5,447,70,457,3,1967,1342,3,9790,70,0,0,5,6,1372,0,1967,1967
140,864,0,3,3,432,0,432,70,0,1,1971,864,3,10500,70,0,0,5,4,864,0,1971,1971
647,1094,0,3,2,500,5,594,85,495,3,1953,1094,3,10452,85,216,0,5,6,1094,0,1953,1953
1441,848,0,1,0,697,2,151,70,420,2,2004,848,2,4426,70,147,0,5,6,848,0,2004,2004
709,904,0,3,3,0,6,876,70,408,3,1966,904,3,7162,70,41,0,7,5,876,0,1966,1966
729,848,0,2,3,152,1,628,52,539,3,1962,1208,3,6240,52,0,23,5,4,780,0,1925,1950
1295,1052,0,3,0,1016,6,36,70,288,2,1968,1052,3,8400,70,168,0,5,5,1052,356,1968,1968
575,832,384,2,3,442,5,390,80,336,3,1947,1216,3,8480,80,0,0,5,5,832,0,1947,1950
621,1548,1066,4,3,1026,0,496,90,624,2,1974,2614,3,10800,90,0,243,7,6,1522,0,1974,1997
283,1468,0,3,3,0,6,1468,74,898,0,2008,1468,2,9612,74,72,150,5,8,1468,0,2008,2009
926,1234,1140,4,3,0,6,1181,93,656,0,2003,2374,0,11999,93,340,100,5,8,1181,0,2003,2004
1077,1096,0,3,2,739,1,357,70,299,0,1969,1096,3,15870,70,0,32,5,5,1096,0,1969,1969
275,952,596,3,3,0,6,952,55,672,3,1978,1548,0,7264,55,0,0,7,7,952,0,1925,2007
1269,874,650,3,3,460,1,414,78,315,3,1958,1524,3,11344,78,180,0,5,5,874,0,1958,1958
297,975,975,3,3,649,6,326,66,576,2,1997,1950,2,7399,66,1600,10,5,7,975,0,1997,1998
258,963,829,3,3,361,2,602,80,564,2,2001,1792,2,12435,80,172,96,5,7,963,0,2001,2001
559,1557,0,2,1,0,6,1374,70,420,0,2003,1557,2,3196,70,18,20,5,7,1374,0,2003,2004
1102,1134,0,2,3,588,6,422,70,254,3,1960,1134,3,7000,70,45,16,7,5,1010,0,1960,2002
1257,864,0,2,3,0,6,864,56,0,1,1922,864,3,4060,56,0,96,8,5,864,0,1922,1950
862,1097,0,3,3,338,2,702,81,480,3,1986,1097,3,9672,81,0,0,5,6,1040,0,1984,1985
1009,1008,0,4,3,0,6,1008,60,0,1,1926,1522,3,6000,60,0,0,5,5,1008,0,1926,1950
783,1110,0,2,0,1097,2,0,70,602,0,1978,1110,2,9101,70,104,30,6,5,1097,0,1978,1978
1447,1220,870,3,3,1079,2,141,80,556,2,1995,2090,2,10000,80,438,65,5,8,1220,0,1995,1996
219,1248,0,2,0,16,2,1232,43,438,0,2005,1248,2,3010,43,16,0,5,7,1248,0,2005,2006
1459,1256,0,3,3,846,1,410,75,276,0,1965,1256,3,9937,75,0,68,6,5,1256,736,1965,1965
292,1148,568,3,3,292,3,476,60,281,3,1949,1716,3,11409,60,0,0,4,5,768,0,1949,2008
821,936,0,2,3,0,6,936,60,576,3,1974,936,3,6000,60,0,32,4,4,936,0,1953,1953
18,1114,0,2,3,646,2,468,66,576,3,2004,1114,2,13695,66,0,102,5,5,1114,0,2004,2004
995,774,456,3,3,384,0,363,51,305,3,1946,1230,3,4712,51,0,57,7,4,747,0,1946,1950
81,1337,0,2,3,1201,2,36,32,405,0,1998,1337,3,4500,32,443,199,5,6,1237,0,1998,1998
604,1494,0,2,2,922,2,572,88,530,2,2002,1494,2,12803,88,99,36,5,7,1494,0,2002,2002
357,1142,0,3,3,874,0,268,44,528,0,1976,1142,3,4224,44,0,90,5,5,1142,0,1976,1976
937,1113,858,3,2,341,2,772,75,689,2,2005,1971,2,9675,75,0,48,5,7,1113,0,2005,2005
34,1561,0,2,3,1153,2,408,60,556,0,2005,1561,0,7313,60,246,47,5,9,1561,203,2005,2005
966,976,332,2,3,428,5,300,130,256,3,1940,1308,3,9600,130,0,70,7,5,728,0,1940,1950
1226,1039,894,4,2,0,6,894,86,668,0,2007,1933,2,14598,86,74,18,5,6,894,0,2007,2007
1262,1104,684,5,0,0,6,1104,70,304,3,1957,1788,3,11250,70,0,0,5,4,1104,0,1957,1989
370,953,711,3,3,0,6,953,70,460,2,2000,1664,3,8121,70,0,40,5,6,953,0,2000,2000
1231,1190,0,3,0,803,0,303,70,540,3,1962,1190,3,7728,70,120,18,6,5,1106,0,1962,1962
562,996,0,3,3,290,1,706,63,0,1,1940,996,3,13907,63,0,0,6,5,996,0,1940,1969
254,1314,0,3,3,922,5,392,70,294,2,1957,1314,3,8400,70,0,0,6,5,1314,0,1957,1957
563,1163,511,4,2,0,6,1163,66,396,0,1955,1674,3,21780,66,0,36,7,6,1163,0,1918,1950
895,983,813,4,3,400,1,380,71,483,2,1963,1796,3,7056,71,415,50,5,6,780,0,1963,1963
224,2392,0,3,1,56,2,2336,103,968,0,2003,2392,0,13472,103,922,105,5,10,2392,0,2003,2003
138,1004,848,3,2,668,2,336,73,660,0,1999,1852,2,9066,73,320,106,5,8,1004,0,1999,2000
965,783,701,3,3,0,6,783,65,393,0,2005,1484,2,10237,65,0,72,5,6,783,0,2005,2007
750,792,348,3,3,0,6,576,55,0,1,1910,1140,3,8800,55,0,160,7,4,576,0,1910,2004
699,1391,0,2,2,16,6,1375,59,530,3,2004,1391,2,4282,59,0,158,5,7,1391,0,2004,2004
1425,1252,0,3,3,0,6,1252,80,528,3,1960,1252,2,10721,80,243,39,6,6,1252,0,1959,1959
1057,979,871,3,3,595,2,378,70,467,0,1994,1850,2,29959,70,0,98,6,7,973,0,1994,1994
661,1686,762,4,3,1098,2,531,52,711,2,1994,2448,2,46589,52,528,76,7,8,1629,0,1994,2005
812,1044,0,2,0,0,6,540,66,504,3,1952,1044,1,8712,66,0,0,5,5,540,0,1952,1952
452,888,868,3,3,742,0,130,70,422,0,1996,1756,3,9303,70,42,122,5,6,872,0,1996,1997
765,1506,0,2,3,0,6,1498,75,592,3,2008,1506,0,14587,75,284,174,5,9,1498,0,2008,2008
191,754,725,4,3,626,0,99,70,484,0,1972,1479,2,7472,70,138,32,9,7,725,0,1972,2004
868,1547,720,2,4,0,4,0,70,672,3,1979,2320,3,14762,70,0,144,6,5,0,0,1948,1950
975,709,673,3,3,641,2,32,70,490,3,2000,1382,2,2651,70,0,50,5,7,673,0,2000,2000
347,1478,0,3,3,1270,1,208,70,498,3,1960,1478,3,17600,70,30,40,5,6,1478,0,1960,1960
251,1625,0,2,1,1573,6,0,44,538,3,2006,1625,2,4750,44,481,0,5,8,1573,0,2006,2007
999,1208,0,2,0,686,2,501,64,632,2,2006,1208,2,6762,64,24,61,5,7,1187,0,2006,2006
206,1696,0,3,3,0,6,1140,40,349,3,1962,1696,3,13673,40,0,30,5,5,1140,0,1962,1962
99,1225,0,3,3,569,0,381,77,0,1,1959,1225,3,9320,77,0,0,5,4,950,0,1959,1959
450,813,0,2,3,0,6,813,70,270,3,1932,813,2,5684,70,0,113,8,6,813,0,1930,2005
863,1148,0,3,3,1148,1,0,70,672,3,1959,1148,3,7931,70,0,0,5,5,1148,0,1959,1959
727,1232,0,2,0,724,2,508,64,632,3,2007,1232,2,7314,64,82,0,5,7,1232,0,2007,2007
656,1053,0,3,3,806,0,247,72,312,2,1959,1053,2,10007,72,54,0,7,5,1053,0,1959,2006
572,846,846,3,0,0,6,846,83,650,2,2009,1692,2,13159,83,0,114,5,7,846,0,2009,2009
733,1144,0,3,3,594,1,270,80,264,2,1961,1144,3,10000,80,0,0,6,5,864,0,1961,1983
423,1470,0,4,3,986,2,484,80,696,3,1998,2630,2,9200,80,473,66,5,8,1470,0,1998,1998
819,1358,0,2,2,733,6,625,44,484,2,2010,1358,2,6371,44,128,35,5,7,1358,0,2009,2010
302,1541,0,3,3,0,6,1541,118,843,2,2001,1541,2,13704,118,150,81,5,7,1541,0,2001,2002
570,1728,0,6,3,231,3,1497,74,576,3,1987,1728,3,13101,74,108,0,5,5,1728,0,1965,1965
1278,1128,903,3,3,804,2,324,75,577,3,2002,2031,2,9473,75,0,211,5,8,1128,0,2002,2002
314,832,809,3,3,16,3,712,60,546,3,1925,1641,0,9600,60,0,0,7,7,728,0,1925,1990
1124,812,670,3,3,0,6,384,70,392,0,1992,1482,2,9125,70,170,25,5,7,384,0,1992,1992
960,858,0,2,1,696,1,162,50,0,1,1958,858,3,7207,50,0,0,7,5,858,117,1958,2008
340,993,915,4,3,0,6,967,85,431,0,2002,1908,2,14191,85,0,0,5,8,967,0,2002,2002
919,1414,0,3,3,798,0,386,87,601,3,1990,1414,3,11029,87,0,51,8,6,1184,0,1958,2002
318,1372,1274,3,1,987,2,360,90,656,2,1993,2646,2,9900,90,256,60,5,7,1347,0,1993,1993
882,808,785,3,3,0,6,808,70,389,2,1993,1593,3,9636,70,0,40,5,6,808,0,1992,1993
1167,959,712,3,3,786,2,173,58,472,0,2000,1671,3,10852,58,0,38,5,6,959,0,2000,2000
784,742,742,3,3,0,6,742,35,0,1,1914,1484,3,6300,35,0,291,6,6,742,0,1914,2001
918,1215,912,4,2,744,1,360,103,833,2,1991,2127,2,13125,103,0,192,5,7,1104,0,1991,1991
1360,1611,990,4,3,0,6,612,51,621,2,1998,2601,3,9842,51,0,0,6,5,612,0,1921,1998
76,952,0,2,3,228,0,724,70,283,3,1956,952,3,8475,70,0,0,7,4,952,0,1956,1956
1399,1160,448,3,3,264,1,712,51,216,3,1925,1608,2,6171,51,0,16,6,6,976,147,1925,1990
21,1108,0,3,3,0,6,637,57,280,3,1930,1108,2,7449,57,0,0,7,7,637,0,1930,1950
867,1120,0,3,3,932,0,108,85,544,2,1961,1120,1,6970,85,0,0,5,4,1040,0,1961,1961
636,800,0,1,3,0,6,264,51,0,1,1936,800,1,6120,51,0,0,3,2,264,0,1936,1950
1075,960,780,3,3,410,1,390,75,240,3,1940,1740,3,13125,75,0,0,6,7,800,0,1940,1984
77,1072,213,2,3,453,1,219,50,240,3,1948,1285,3,8635,50,0,0,5,5,672,0,1948,2001
265,1422,0,3,3,958,6,464,78,576,0,1981,1422,2,12090,78,210,0,6,6,1422,0,1981,1981
51,816,0,3,3,0,6,816,52,528,3,1985,1176,3,6240,52,0,0,6,6,816,0,1934,1950
1349,1215,938,4,3,259,3,425,50,0,1,1872,2358,3,5250,50,0,54,5,8,684,0,1872,1987
773,912,0,2,3,456,5,456,70,275,2,1958,912,3,10150,70,1,0,5,5,912,0,1958,1958
871,878,804,3,3,505,2,299,70,523,2,1998,1682,2,8750,70,116,77,5,6,804,0,1998,1998
724,1698,0,3,3,1234,2,464,86,768,3,2007,1698,0,13286,86,340,64,5,9,1698,0,2007,2008
264,764,0,2,3,0,6,680,30,504,3,1965,764,3,5232,30,0,0,5,5,680,0,1925,2004
199,1713,0,3,0,1088,2,625,76,856,0,2004,1713,0,9591,76,262,26,5,8,1713,0,2004,2005
361,988,517,3,3,399,5,484,70,240,3,1940,1505,3,9144,70,0,0,5,5,883,0,1940,1982
1207,1700,0,3,0,340,2,1342,70,544,2,2003,1700,2,9135,70,120,23,5,6,1682,0,2003,2003
294,1644,0,3,3,1285,2,131,80,418,0,1953,1644,3,9600,80,238,0,5,6,1416,0,1953,1953
1001,691,0,2,3,0,6,691,60,216,3,1920,691,0,5400,60,0,20,6,5,691,0,1920,1950
1443,952,0,2,3,0,6,952,70,192,3,1916,952,1,8854,70,0,98,6,6,952,0,1916,1950
550,1069,0,2,3,559,0,510,53,440,2,1977,1069,3,4043,53,0,55,6,6,1069,0,1977,1977
1347,1776,0,3,1,80,2,1652,93,712,0,2006,1776,2,15306,93,100,0,5,8,1732,0,2006,2007
363,504,483,3,3,162,0,321,21,264,3,1972,987,2,1680,21,510,0,8,6,483,0,1972,2007
992,1020,831,3,1,554,1,268,80,440,2,1964,1851,2,9760,80,340,42,8,6,822,0,1964,1993
830,1392,0,3,3,1040,5,352,80,458,2,1957,1392,3,11900,80,387,0,5,6,1392,0,1957,1957
1225,1138,0,3,0,507,2,81,65,264,3,1958,1138,3,10482,65,63,0,8,6,588,0,1958,1958
65,1330,1143,4,0,0,6,1143,76,852,3,2004,2473,2,9591,76,344,151,5,8,1143,0,2004,2005
787,1128,956,4,3,656,2,300,76,618,2,2004,2084,2,10142,76,0,45,5,7,956,0,2004,2004
827,1434,0,3,3,20,2,1434,65,527,2,2001,1434,2,8529,65,0,39,5,7,1454,0,2001,2001
1406,768,0,2,0,656,2,112,70,396,3,1988,768,3,8445,70,0,0,7,5,768,0,1972,2007
323,1163,0,3,3,256,0,906,49,220,3,1955,1163,3,5820,49,0,98,8,3,1162,0,1955,2005
1376,790,0,2,2,384,6,384,52,160,3,1930,790,3,6292,52,0,141,5,6,768,0,1930,1950
1373,2633,0,2,1,1282,2,1351,70,804,2,2001,2633,0,11400,70,705,140,5,10,2633,0,2001,2002
1032,1352,1168,5,3,1012,2,326,70,796,2,1993,2520,2,14541,70,0,55,7,8,1338,0,1993,1993
640,1518,0,1,1,1218,2,300,62,588,2,2003,1518,0,12677,62,472,140,5,8,1518,185,2003,2004
1438,1236,0,2,3,600,2,312,90,923,3,1957,1236,3,7407,90,0,158,7,6,912,0,1957,1996
246,1020,908,4,3,0,6,1020,69,440,3,1910,1928,1,9142,69,0,60,8,6,1020,0,1910,1950
506,1065,846,3,3,380,6,397,80,471,2,1993,1911,2,9554,80,125,81,5,8,777,0,1993,1994
232,504,483,2,3,0,6,483,21,288,3,1972,987,3,1680,21,297,0,5,6,483,0,1972,1972
329,596,596,3,2,0,6,596,60,189,3,1920,1192,3,6402,60,0,0,5,5,596,0,1920,1950
162,1541,0,3,2,1201,6,340,95,532,3,2005,1541,2,12182,95,226,70,5,7,1541,0,2005,2005
125,520,0,2,0,490,2,30,60,0,1,1935,754,3,6780,60,0,0,8,6,520,0,1935,1982
1178,820,523,3,3,0,6,731,54,186,3,1921,1343,3,7681,54,0,0,6,5,731,0,1921,1950
1131,974,0,3,2,212,1,762,63,0,1,1991,974,3,10712,63,0,28,5,5,974,0,1991,1992
1421,1069,0,2,3,360,0,709,53,440,2,1977,1069,3,4043,53,0,55,5,6,1069,0,1977,1977
260,1382,0,3,1,672,5,690,120,884,3,1991,1382,3,19296,120,399,0,5,6,1362,0,1962,1962
875,1426,1184,4,0,64,2,1120,75,550,0,2007,2610,0,9000,75,0,364,5,8,1184,0,2007,2007
585,2028,0,2,1,1460,2,408,88,880,2,2005,2028,2,11443,88,208,66,5,8,1868,0,2005,2006
391,1157,804,3,3,690,0,114,71,560,0,2001,1961,2,12209,71,0,192,5,6,804,0,2001,2002
708,728,728,3,0,0,6,728,65,400,0,2007,1456,2,9018,65,0,24,5,7,728,0,2007,2007
841,958,581,3,3,0,6,650,60,686,3,1983,1539,2,10440,60,0,78,8,5,650,0,1904,2002
614,630,0,1,0,150,3,480,21,0,1,1972,630,3,1491,21,0,24,6,4,630,0,1972,1972
740,768,664,2,3,0,6,264,60,360,3,1910,1432,3,9600,60,0,0,7,5,264,0,1910,2002
359,1086,838,3,0,956,2,130,78,592,2,1998,1924,2,12011,78,530,75,5,8,1086,208,1998,1998
1401,864,729,3,3,759,2,80,62,398,3,2004,1593,3,7415,62,0,75,5,6,839,0,2004,2004
680,923,0,2,3,622,1,301,50,264,2,1980,923,3,8012,50,0,0,5,6,923,0,1980,1980
136,1214,0,2,3,695,1,519,70,318,2,1967,1214,3,10355,70,196,111,5,5,1214,0,1967,1967
1368,848,0,1,0,685,2,163,70,420,0,2003,848,2,4435,70,170,0,5,6,848,0,2003,2004
1034,954,0,2,3,0,6,920,50,240,3,1938,954,1,6305,50,0,0,7,5,920,0,1938,1950
456,720,624,4,3,0,6,624,34,513,3,1916,1344,3,4571,34,0,0,5,5,624,0,1916,1950
261,1482,1092,3,3,0,6,1482,69,868,0,2007,2574,0,9588,69,270,148,5,8,1482,0,2007,2007
111,774,656,3,3,250,2,134,70,400,0,2000,1430,3,7750,70,0,0,5,7,384,0,2000,2000
483,1216,0,2,3,897,2,319,32,402,3,1998,1216,3,4500,32,116,125,5,6,1216,0,1998,1998
751,660,660,3,3,0,6,660,70,400,0,2003,1320,2,7750,70,0,48,5,7,660,0,2003,2003
669,1180,0,2,3,0,6,700,80,252,3,1922,1180,1,11600,80,0,0,5,4,700,0,1922,1950
659,1486,0,3,3,637,1,849,75,480,0,1968,1486,3,9937,75,0,0,7,5,1486,0,1964,1999
160,1232,0,3,3,660,1,572,70,516,3,1984,1232,3,11120,70,0,0,6,6,1232,0,1984,1984
1135,986,0,2,3,0,6,960,60,180,3,1926,986,3,6180,60,0,128,5,6,960,0,1926,1950
71,845,0,2,3,565,0,280,69,360,3,1987,845,3,7599,69,0,0,6,4,845,0,1982,2006
419,1056,0,3,3,775,1,281,65,304,3,1968,1056,3,8450,65,0,85,6,5,1056,0,1968,1968
980,999,0,3,0,867,0,77,70,588,2,1961,999,0,12122,70,210,76,9,7,944,0,1961,2007
1126,1555,0,2,3,0,6,1373,53,660,0,2007,1555,2,3684,53,130,20,5,7,1373,0,2007,2007
471,1161,808,3,3,0,6,808,92,534,2,1977,1969,3,11952,92,0,0,6,7,808,0,1977,1977
478,1718,0,3,1,1288,2,417,79,826,2,2007,1718,2,10637,79,336,44,5,8,1705,0,2007,2008
322,1553,1177,4,1,28,3,1474,86,576,3,1987,2730,2,10380,86,172,96,5,7,1502,0,1986,1987
556,1092,0,2,3,895,5,197,69,299,0,1957,1092,3,14850,69,0,0,5,5,1092,0,1957,1957
902,807,702,3,3,0,6,783,63,393,0,2003,1509,2,7875,63,0,75,5,7,783,0,2003,2003
95,790,680,3,3,310,6,370,70,420,0,1993,1470,3,9765,70,68,63,8,6,680,0,1993,1993
1354,992,873,3,3,735,2,257,70,839,3,2000,1865,2,10316,70,0,184,5,7,992,0,2000,2000
1137,780,240,2,3,0,6,780,54,0,1,1875,1020,3,6342,54,0,0,8,5,780,0,1875,1996
1419,1844,0,3,0,1110,5,734,70,540,2,1969,1844,2,16381,70,312,73,5,6,1844,0,1969,1969
431,1088,110,4,3,0,6,901,60,0,1,1920,1198,3,5586,60,0,98,7,6,901,0,1920,1998
390,961,406,4,3,580,5,281,50,384,3,1978,1367,3,8405,50,0,130,8,5,861,0,1900,1950
270,1095,844,3,2,0,6,1095,84,1053,2,2006,1939,2,10728,84,0,51,5,8,1095,0,2006,2006
439,684,512,3,2,0,6,684,67,528,3,2005,1196,2,12354,67,0,46,8,6,684,0,1920,2000
1410,944,896,3,3,666,2,278,79,622,2,2001,1840,2,12420,79,0,45,5,7,944,0,2001,2001
793,1496,0,2,0,0,6,1496,76,474,3,2007,1496,2,9158,76,140,130,5,8,1496,0,2007,2007
1318,1787,0,3,1,0,6,1753,70,748,2,2001,1787,2,14781,70,178,150,5,8,1753,0,2001,2002
1200,864,0,3,3,0,6,864,71,280,3,1972,864,3,9353,71,0,0,5,4,864,0,1970,1970
798,1966,1174,4,3,0,6,1926,104,820,0,2009,3140,0,13518,104,860,78,5,9,1926,0,2008,2009
1452,1072,0,2,1,547,2,0,35,525,0,2005,1072,3,3675,35,80,28,5,5,547,0,2005,2005
464,1040,0,3,3,616,5,424,60,0,1,1978,1040,3,8430,60,136,0,5,5,1040,0,1978,1978
907,1037,1020,3,3,223,5,794,86,180,0,1936,2057,2,11500,86,0,0,7,7,1017,0,1936,1987
1289,1120,850,3,2,0,6,1085,86,753,0,2006,1970,0,11065,86,788,74,5,8,1085,0,2006,2006
1300,1005,978,3,3,694,2,284,70,490,0,1999,1983,2,10762,70,344,0,5,7,978,0,1999,1999
101,977,755,3,3,0,6,741,77,476,0,1985,1732,2,9206,77,336,46,5,6,741,0,1985,1985
127,840,0,3,3,116,3,556,55,0,1,1930,840,3,4388,55,0,0,7,5,672,0,1930,1950
1017,1360,0,1,0,1036,2,184,70,565,2,1984,1360,2,5814,70,0,0,5,8,1220,0,1984,1984
1365,860,814,3,3,533,2,281,70,663,2,2000,1674,2,7500,70,0,96,5,7,814,0,2000,2000
1076,1096,370,3,3,626,0,170,60,566,3,1950,1466,2,10800,60,0,21,8,5,796,0,1936,1989
655,525,0,3,3,0,6,525,21,264,3,1971,1092,3,1680,21,381,0,5,6,525,0,1971,1971
646,1048,0,3,4,0,4,0,60,420,3,1950,1048,3,7200,60,0,27,5,5,0,0,1950,1950
1091,628,624,2,3,510,1,90,24,462,3,1999,1252,2,2160,24,212,48,5,7,600,0,1999,2000
156,1040,0,2,4,0,4,0,60,625,3,1950,1040,3,7200,60,0,0,7,5,0,0,1950,1950
273,1632,0,3,3,620,5,620,80,338,2,1958,1632,3,9600,80,183,0,6,6,1240,0,1958,1988
1108,948,742,3,3,0,6,924,70,463,2,2000,1690,3,8063,70,0,48,5,6,924,0,2000,2000
953,1168,800,3,0,529,6,255,70,530,2,1969,1968,3,11075,70,232,189,4,5,784,0,1969,1969
1051,1316,0,3,0,0,6,1316,103,440,0,2007,1316,2,11175,103,0,20,5,7,1316,0,2007,2007
172,1064,703,2,3,717,2,347,44,504,2,1987,1767,2,5306,44,0,35,7,7,1064,0,1987,1987
725,864,0,3,3,582,6,282,60,660,3,1989,864,2,6960,60,0,0,6,4,864,0,1970,1970
1067,813,798,4,1,674,2,106,80,442,2,1964,1611,3,9760,80,360,128,6,6,780,0,1964,1964
981,1336,1276,4,3,854,2,371,98,676,0,1998,2612,2,12203,98,975,0,5,8,1225,0,1998,1999
360,912,0,2,0,773,2,115,70,470,2,1978,912,3,7540,70,0,0,6,6,888,0,1978,1978
1240,884,884,3,3,550,2,334,65,543,3,2003,1768,2,8158,65,252,63,5,7,884,0,2003,2003
927,1098,880,4,3,552,1,280,70,486,2,1968,1978,3,9900,70,342,43,5,7,832,0,1968,1968
1409,1236,857,3,3,0,6,791,46,542,0,1986,2093,3,20544,46,123,63,6,7,791,0,1986,1991
145,970,739,3,3,0,6,970,24,380,3,2004,1709,2,2522,24,50,40,5,6,970,0,2004,2006
1208,1283,0,3,3,628,5,303,70,506,3,1980,1283,3,7763,70,0,0,7,5,931,0,1962,1980
948,936,840,3,3,0,6,936,65,474,2,2002,1776,2,14006,65,144,96,5,7,936,0,2002,2002
1319,948,0,3,3,492,0,372,75,248,3,1954,948,3,10215,75,132,0,5,4,864,0,1954,1954
1089,1247,0,1,3,1039,2,208,37,550,0,2005,1247,2,3316,37,0,84,5,8,1247,0,2005,2005
869,1062,887,3,3,750,2,300,80,574,0,1993,1949,2,9938,80,246,90,5,7,1050,0,1993,1994
967,1098,0,3,3,902,0,196,70,260,3,1955,1098,3,7390,70,151,0,7,5,1098,0,1955,1955
371,1120,468,4,4,0,4,0,80,680,0,1991,1588,3,17120,80,0,59,4,4,0,0,1959,1959
1282,1040,0,3,2,701,3,339,61,484,3,1977,1040,2,8800,61,0,0,7,5,1040,0,1977,2008
56,983,756,3,3,649,2,321,24,480,0,1999,1739,2,2645,24,456,0,5,8,970,0,1999,2000
1198,1212,0,3,3,0,6,1212,70,573,2,2001,1212,2,9100,70,0,0,5,7,1212,0,2001,2001
1192,842,630,3,2,0,6,702,60,250,3,1925,1472,2,9600,60,0,0,8,5,702,0,1925,1994
256,864,864,3,3,503,5,361,64,673,2,2003,1728,2,8791,64,0,56,5,6,864,0,2003,2003
37,1297,0,2,3,1213,5,84,74,498,0,1954,1297,3,8532,74,650,0,6,5,1297,0,1954,1990
1259,1054,0,3,3,710,0,344,65,460,3,1969,1054,3,9750,65,0,0,8,6,1054,0,1969,1969
413,1028,0,2,3,0,6,1008,56,360,3,1927,1028,3,8960,56,0,0,6,5,1008,0,1927,1950
488,1766,648,3,3,664,1,290,60,520,3,1970,2414,3,10800,60,0,0,4,5,954,0,1900,1970
1285,825,587,4,3,0,6,780,50,280,3,1939,1412,3,6000,50,0,0,6,6,780,0,1939,1950
1174,1175,1170,4,3,503,5,449,80,360,3,1932,2345,3,16560,80,0,0,8,6,952,0,1932,1950
157,1194,774,4,3,0,6,774,92,680,0,2009,1968,0,12003,92,84,75,5,8,774,0,2009,2010
407,840,840,3,3,0,6,840,63,308,3,1960,1680,3,15576,63,0,0,7,6,840,0,1915,1976
957,1057,0,3,3,417,5,640,70,576,0,1977,1057,3,7420,70,0,0,5,5,1057,0,1962,1962
1341,1114,0,2,3,814,2,300,66,576,3,2004,1114,2,13695,66,0,78,5,6,1114,0,2003,2004
858,1370,0,3,3,0,6,1090,80,479,2,1976,1370,3,10400,80,189,0,5,7,1090,0,1976,1976
179,968,0,2,3,0,6,968,60,480,3,1935,968,3,8520,60,0,0,6,5,968,0,1923,2006
416,728,672,3,3,209,0,463,74,440,0,1978,1400,3,7844,74,203,0,7,6,672,0,1978,1978
632,1411,0,3,3,822,0,564,85,544,0,1977,1411,3,11900,85,209,0,5,7,1386,0,1977,1977
715,1350,0,3,3,0,6,1064,78,478,2,1974,1350,3,10140,78,174,0,5,6,1064,0,1974,1974
1391,1584,0,4,3,0,6,1584,65,792,3,1967,1584,3,8944,65,0,152,5,5,1584,0,1967,1967
857,779,702,3,3,0,6,702,65,343,0,1994,1481,3,8125,65,0,36,5,6,702,0,1994,1995
313,2036,0,3,1,1439,0,697,150,513,2,1965,2036,3,215245,150,0,0,5,7,2136,0,1965,1965
612,1299,573,3,0,990,2,309,70,531,2,2001,1872,0,11885,70,108,122,5,8,1299,0,2001,2001
1244,792,725,3,3,0,6,792,70,400,3,1931,1517,2,11435,70,0,0,7,8,792,0,1929,1950
1378,504,483,2,3,309,1,174,21,264,3,1973,987,3,1953,21,408,0,5,6,483,0,1973,1973
91,1235,0,2,3,600,5,635,85,480,3,1961,1235,3,8500,85,203,0,3,5,1235,0,1961,1961
1175,2129,743,4,3,700,2,983,85,541,0,1992,2872,2,10678,85,337,33,5,8,1683,0,1992,2000
325,803,0,2,0,116,1,604,50,360,3,1941,803,3,5000,50,0,0,6,5,720,0,1941,1950
208,1180,0,3,1,1065,2,92,70,454,3,1988,2062,3,14364,70,128,55,5,7,1157,0,1988,1989
1185,949,272,4,3,392,1,392,60,392,3,1965,1221,3,9738,60,0,0,7,5,784,0,1924,1950
1064,1154,0,3,2,778,1,376,70,480,2,1966,1154,3,11000,70,200,58,6,5,1154,0,1966,1966
976,869,0,2,3,0,6,440,51,0,1,1923,869,1,5900,51,0,0,7,4,440,0,1923,1958
45,1752,0,2,3,456,2,1296,61,576,2,2005,1752,0,7658,61,412,82,5,9,1752,0,2005,2005
348,862,764,2,3,573,2,191,36,474,2,2003,1626,2,2448,36,106,27,5,7,764,0,2003,2004
235,483,0,2,3,358,0,125,21,264,3,1971,987,3,1680,21,604,0,3,6,483,0,1971,1971
1043,1532,797,4,3,1085,2,390,86,514,3,1990,2329,2,11839,86,99,121,5,7,1475,0,1990,1990
593,848,0,1,0,685,2,163,70,420,3,2003,848,2,4435,70,170,0,5,6,848,0,2003,2003
663,1181,0,3,0,767,1,371,90,588,2,1974,1181,3,10012,90,0,0,5,4,1138,0,1972,1972
978,894,0,3,3,552,6,342,68,400,3,1999,894,3,9450,68,0,0,5,4,894,0,1954,1954
588,1473,0,1,1,1324,2,113,65,452,3,1968,1473,0,25095,65,0,48,8,5,1437,0,1968,2003
43,938,0,3,0,632,3,306,70,308,3,1977,938,3,9200,70,0,0,6,5,938,145,1975,1980
671,697,672,3,3,551,1,121,54,300,3,1930,1369,3,6629,54,0,0,6,6,672,0,1925,1950
330,1728,0,6,3,1164,2,564,70,352,3,2002,1728,3,10624,70,84,0,4,5,1728,0,1964,1964
237,1014,730,3,3,402,1,594,70,457,2,1993,1744,2,9453,70,0,70,7,7,996,0,1993,2003
309,1944,0,3,1,1274,6,622,90,708,0,2003,1944,0,12378,90,0,175,5,9,1896,0,2003,2004
1176,923,0,3,3,658,0,218,37,264,3,1984,923,3,6951,37,0,0,5,5,876,0,1984,1985
1287,1582,0,4,0,812,5,812,70,390,3,1964,1582,3,36500,70,621,198,5,5,1624,168,1964,1964
504,855,0,3,3,576,0,279,24,440,3,1974,1322,3,2308,24,0,0,5,6,855,0,1974,1974
1310,1902,0,3,0,1406,2,496,100,567,0,1959,1902,0,17500,100,0,207,8,7,1902,0,1959,2002
150,969,0,3,0,716,1,253,120,440,3,1975,969,3,10356,120,0,0,6,5,969,0,1975,1975
312,793,325,3,2,507,5,286,65,410,3,1939,1118,3,7800,65,0,0,7,5,793,0,1939,1950
842,1165,0,3,1,760,5,367,82,490,2,1966,1165,3,9020,82,183,129,7,6,1127,0,1966,1966
1139,1167,0,3,3,645,1,270,98,495,3,1972,1167,3,8731,98,0,0,5,5,915,0,1920,1950
1343,1172,741,3,3,0,6,896,57,342,3,1929,1913,3,7558,57,0,0,6,6,896,0,1928,1950
964,1070,824,4,3,624,2,193,80,510,3,2002,1894,2,11316,80,44,40,5,7,817,0,2002,2003
1191,764,677,2,3,0,6,776,24,492,3,1999,1441,2,2645,24,456,0,5,8,776,206,1999,2000
1145,1042,534,3,3,0,6,1042,52,225,3,1928,1576,3,6240,52,0,0,6,5,1042,0,1928,1950
1414,1053,795,4,3,0,6,833,64,370,3,1923,1848,2,13053,64,0,0,7,6,833,0,1923,2000
545,1377,806,4,3,1002,2,202,70,786,3,1988,2183,2,13837,70,178,0,5,7,1204,0,1988,1988
1031,1687,998,5,3,523,2,301,102,672,0,1970,3082,3,15863,102,0,63,3,7,824,0,1920,1970
580,1429,0,3,3,771,1,373,70,572,3,1960,1429,2,14585,70,85,110,6,6,1144,216,1960,1987
6,1694,0,3,0,1369,2,317,75,636,2,2004,1694,2,10084,75,186,57,5,8,1686,0,2004,2005
1327,816,0,3,3,641,0,175,60,264,3,1982,816,2,6600,60,0,0,9,5,816,0,1982,2008
939,1207,1196,3,2,0,6,1032,70,349,3,1940,2403,3,24090,70,0,0,7,7,1032,0,1940,1950
652,909,807,2,3,0,6,880,70,512,2,1996,1716,2,8750,70,0,120,5,7,880,0,1996,1996
1053,1526,0,4,0,383,5,833,68,364,3,1957,1526,3,8562,68,145,78,6,5,1216,116,1957,2002
397,936,876,4,3,540,0,324,69,264,2,1962,1812,3,7590,69,288,168,5,5,864,0,1962,1962
1315,1092,1020,4,2,642,0,310,85,576,3,1969,2112,3,11075,85,0,0,5,6,952,0,1969,1969
509,1041,0,3,3,991,0,50,80,270,2,1959,1041,3,9600,80,132,88,6,5,1041,0,1959,1959
571,864,0,2,3,414,6,450,60,288,3,1959,864,2,7332,60,207,0,6,6,864,0,1959,1959
1092,1390,304,4,3,423,5,758,60,576,3,1925,1694,3,8400,60,0,0,5,6,1181,0,1925,1950
1148,572,539,2,3,0,6,572,70,288,3,1982,1111,3,5700,70,0,0,7,7,572,0,1926,1950
461,575,560,3,3,350,0,210,60,576,2,1971,1135,2,7200,60,0,0,9,7,560,0,1936,2007
929,1243,993,4,3,0,6,964,70,642,0,1997,2236,2,13006,70,285,0,5,7,964,0,1997,1997
711,859,319,2,2,0,6,859,66,384,2,1964,1178,3,8712,66,0,0,7,4,859,0,1900,1950
1159,943,933,4,3,442,0,459,76,540,2,1974,1876,2,9120,76,270,69,6,6,901,0,1974,1974
767,983,767,4,2,660,0,323,75,423,3,1989,1750,3,12508,75,0,0,7,6,983,0,1940,1985
513,1080,0,3,3,336,0,748,71,484,3,1983,1080,3,9187,71,0,0,5,6,1084,0,1983,1983
775,1204,0,2,3,866,2,338,32,412,3,1998,1204,3,4500,32,320,247,5,6,1204,0,1998,1998
1358,804,769,3,3,378,2,378,70,440,3,2000,1573,2,2117,70,216,32,5,6,756,0,2000,2000
985,1164,0,3,3,1040,0,124,68,240,3,1950,1164,3,10880,68,0,48,5,5,1164,0,1950,1950
68,747,0,2,3,0,6,747,47,220,3,1945,747,3,4608,47,0,0,6,4,747,0,1945,1950
540,1838,0,2,0,1260,2,578,85,765,3,2006,1838,0,14601,85,584,68,5,9,1838,0,2006,2006
468,1634,0,3,3,0,6,1626,98,866,3,2006,1634,2,11428,98,248,44,5,8,1626,0,2006,2006
336,1922,0,3,1,1249,2,673,86,676,0,2005,1922,2,14157,86,200,51,5,9,1922,0,2005,2006
807,1072,504,3,1,1309,2,15,144,528,2,1923,1576,2,21384,144,0,312,6,5,1324,0,1923,2004
714,754,725,3,3,533,2,192,70,475,2,1976,1479,2,13517,70,289,44,8,6,725,0,1976,2005
1366,908,882,3,3,633,2,240,68,588,2,1999,1790,2,9179,68,158,88,5,7,873,0,1999,1999
873,1036,0,3,3,375,5,457,60,288,3,1949,1268,3,12144,60,0,28,7,5,832,0,1949,1950
771,1220,0,2,3,836,3,0,67,396,3,1951,1220,3,8877,67,0,0,5,4,836,0,1951,1951
436,734,0,2,3,0,6,648,40,440,3,1990,1118,3,4400,40,0,0,8,6,648,0,1920,1950
1061,894,0,2,3,0,6,894,120,1248,2,1994,894,3,18000,120,0,20,4,3,894,0,1935,1950
609,1029,0,3,2,903,5,126,61,261,3,1961,1029,3,7943,61,192,0,5,4,1029,0,1961,1961
8,1022,752,2,3,0,6,952,51,468,3,1931,1774,3,6120,51,0,0,5,7,952,0,1931,1950
367,1431,0,3,1,371,2,728,101,296,2,1962,1431,3,9150,101,305,110,5,6,1099,0,1962,1962
257,1604,0,3,3,1334,2,270,68,660,2,2006,1604,2,8814,68,180,110,5,7,1604,0,2006,2006
379,1007,793,3,3,0,6,982,60,463,0,2000,1800,3,8123,60,16,63,5,6,982,100,2000,2000
362,1427,495,4,4,0,4,0,64,672,2,2003,1922,2,7301,64,500,0,5,7,0,0,2003,2003
1134,916,684,3,0,0,6,916,57,460,0,1997,1600,3,8773,57,0,38,5,6,916,0,1997,1997
804,1128,0,2,3,812,3,124,75,286,3,1954,1128,3,9000,75,0,0,5,5,936,0,1954,1954
1404,694,0,3,3,0,6,672,60,936,3,1998,1214,3,10410,60,0,0,4,3,672,0,1915,1950
282,1314,0,2,3,904,2,410,34,626,2,2008,1314,2,5063,34,166,62,5,7,1314,0,2007,2008
1180,1298,1216,4,3,1216,3,0,70,693,0,1990,2514,3,11170,70,0,0,5,7,1216,0,1990,1991
221,1257,1010,4,3,0,6,1010,70,390,2,2002,2267,2,8068,70,0,46,5,6,1010,0,2002,2002
1426,1223,904,3,3,1000,2,223,81,525,2,1994,2127,2,10944,81,448,132,5,7,1223,0,1994,1994
92,964,0,2,3,713,0,163,80,432,3,1921,964,3,13360,80,0,0,7,5,876,0,1921,2006
752,1494,0,3,1,1200,2,279,79,576,2,1997,1494,2,9236,79,0,27,5,6,1479,0,1997,1997
1066,799,772,3,3,0,6,799,59,380,2,1993,1571,3,7837,59,0,40,7,6,799,0,1993,1994
164,1149,467,3,2,370,3,779,40,216,3,1926,1616,2,5400,40,0,0,7,6,1149,0,1926,2004
508,689,689,3,3,141,5,548,60,360,3,1928,1378,2,9600,60,0,0,9,7,689,0,1928,2005
1382,998,764,4,3,0,6,596,60,576,3,1989,1762,2,7200,60,0,0,7,7,596,0,1920,1950
118,1699,1523,5,2,1470,2,203,90,594,3,1990,3222,2,12376,90,0,0,5,7,1673,0,1990,1990
317,1088,871,3,0,0,6,1088,75,1025,2,2006,1959,2,9000,75,0,46,5,8,1088,0,2006,2006
69,1304,983,3,3,603,1,701,81,667,0,1953,2287,3,15593,81,0,21,4,7,1304,0,1953,1953
1190,1622,0,3,0,1159,1,90,70,1356,0,1975,1622,3,32463,70,149,0,4,4,1249,0,1961,1975
29,520,0,1,3,0,6,520,60,240,3,1927,520,1,6324,60,0,0,6,4,520,0,1927,1950
444,975,933,4,3,642,2,273,70,493,3,1994,1908,2,8750,70,0,133,5,7,915,0,1994,1995
40,1324,0,3,3,643,5,445,84,440,3,1965,1324,3,8658,84,101,138,5,6,1088,0,1965,1965
1442,1026,981,3,0,765,2,252,85,812,3,2008,2007,0,11003,85,160,52,5,10,1017,0,2008,2008
1337,693,0,2,3,0,6,693,153,0,1,1941,693,1,4118,153,0,20,4,4,693,0,1941,1950
333,1358,0,2,0,720,2,638,59,484,2,2004,1358,2,8198,59,146,30,5,7,1358,0,2004,2004
144,1728,0,6,3,1332,5,396,70,504,3,1963,1728,3,9100,70,336,0,5,5,1728,0,1963,1963
289,698,698,3,3,0,6,698,60,384,3,2003,1396,3,8730,60,0,0,7,6,698,0,1915,2003
55,1425,0,3,3,490,6,935,100,576,2,1964,1425,3,10175,100,272,0,5,6,1425,0,1964,1964
756,902,866,3,0,20,2,846,68,578,2,2007,1768,2,10769,68,0,105,5,8,866,0,2007,2007
182,1340,0,3,4,0,4,0,60,252,3,1957,1340,3,9060,60,98,0,6,5,0,0,1957,2006
880,1090,0,2,3,980,0,110,60,450,0,2005,1090,3,7024,60,0,49,5,5,1090,0,2005,2006
813,1442,0,4,3,608,5,834,75,301,2,1958,1442,3,9750,75,243,0,6,6,1442,0,1958,1958
1445,913,0,3,1,187,3,627,70,240,3,1990,913,3,8400,70,0,0,5,6,814,0,1966,1966
1194,689,663,4,3,371,0,292,80,299,0,1969,1352,3,9364,80,143,36,7,6,663,0,1969,1969
319,1472,0,3,0,1036,2,336,70,588,3,1980,1472,3,14115,70,225,48,5,7,1372,0,1980,1980
1398,1136,768,3,3,814,5,394,60,240,3,1950,1904,3,7200,60,0,0,4,5,1208,0,1950,1982
288,900,0,3,3,450,1,432,70,280,3,1970,900,3,9819,70,31,0,5,5,882,0,1967,1967
1455,953,694,3,3,0,6,953,62,460,2,1999,1647,3,7917,62,0,40,5,6,953,0,1999,2000
477,2069,574,3,0,0,6,2153,105,694,0,2006,2643,0,13693,105,772,84,5,9,2153,0,2006,2006
1140,952,0,2,2,852,0,100,60,840,3,1988,952,3,7350,60,0,0,7,5,952,0,1951,1951
1432,968,0,4,3,0,6,656,60,216,3,1928,968,3,10800,60,0,0,6,4,656,0,1927,2007
241,866,0,2,3,329,0,357,40,0,1,1945,866,2,3880,40,0,42,9,5,686,0,1945,1997
1173,1636,971,3,3,1077,5,521,138,0,1,1946,3086,0,18030,138,0,0,6,5,1598,0,1946,1994
1110,885,773,3,3,219,2,554,70,431,0,1995,1658,3,8000,70,0,84,5,6,773,0,1995,1996
426,1644,0,2,1,1518,2,0,70,569,0,1989,1644,2,12800,70,145,0,5,7,1518,0,1989,1989
633,1056,0,3,3,712,1,344,80,260,3,1954,1056,3,9250,80,0,0,7,5,1056,0,1954,2005
105,1053,0,3,3,0,6,1053,75,648,2,2003,1992,2,9375,75,768,45,5,8,1053,0,2003,2004
463,849,811,3,3,326,3,389,74,240,3,1939,1660,3,11988,74,0,0,7,6,715,0,1934,1995
1020,1132,0,2,3,1024,2,108,60,451,0,2005,1132,2,7024,60,0,64,5,4,1132,0,2005,2005
2,920,866,3,2,486,2,434,68,608,2,2001,1786,2,11250,68,162,42,5,7,920,0,2001,2002
1220,912,0,2,3,312,5,600,66,288,3,1964,912,3,7800,66,0,0,5,5,912,0,1964,1964
1203,1630,0,3,3,0,6,1630,75,451,3,2000,1630,2,9750,75,171,234,5,7,1630,0,2000,2001
573,774,656,3,3,0,6,384,76,400,2,2000,1430,3,9967,76,0,0,5,7,384,0,2000,2000
583,1521,0,2,3,0,6,1237,75,880,3,1988,2775,2,13500,75,0,502,9,10,1237,0,1893,2000
410,1276,0,2,3,0,6,1276,68,350,3,1958,1276,3,9571,68,0,0,3,5,1276,0,1958,1958
218,1137,817,3,3,341,1,457,70,431,3,1939,1954,2,15660,70,312,119,9,7,798,0,1939,2006
227,504,483,3,3,321,5,162,21,280,3,1987,987,3,1869,21,127,0,6,6,483,0,1970,1970
1152,1811,0,2,3,723,0,350,90,470,0,1956,1811,0,14115,90,0,0,7,6,1073,0,1956,2004
548,825,0,2,3,180,3,645,49,720,2,1963,825,3,8235,49,0,50,7,5,825,0,1955,1995
683,1668,0,3,0,1059,2,567,90,702,3,2002,1668,2,11248,90,215,45,5,9,1626,0,2002,2002
1303,1616,0,3,0,0,6,1616,73,834,2,2005,1616,2,8688,73,228,59,5,7,1616,0,2005,2005
1229,1507,0,4,3,666,0,409,70,404,3,1960,1507,3,7910,70,0,0,5,5,1075,0,1960,1960
688,1419,0,2,0,945,6,474,60,567,2,2007,1419,2,8089,60,0,0,6,8,1419,0,2007,2007
193,970,739,3,3,0,6,970,24,380,3,2004,1709,2,2522,24,50,40,5,7,970,0,2004,2004
1153,816,0,2,0,538,6,278,70,432,3,2002,816,3,5890,70,0,0,8,6,816,0,1930,2007
356,1167,0,3,3,560,2,598,70,400,2,1992,1167,2,9248,70,106,26,6,6,1158,120,1992,1992
1168,1236,872,4,3,626,5,501,120,540,3,1935,2108,2,13728,120,0,0,7,6,1127,0,1935,1986
1171,1261,0,3,3,662,0,599,76,433,2,1958,1261,3,9120,76,0,0,6,6,1261,0,1958,1958
39,1152,0,2,4,0,4,0,65,0,1,1955,1152,1,6040,65,0,0,5,4,0,0,1955,1955
973,1428,0,3,3,0,6,1428,95,480,0,2007,1428,2,11639,95,0,120,5,7,1428,0,2007,2008
1024,2898,0,2,0,1165,0,400,70,665,0,1976,2898,2,15498,70,0,72,6,8,1565,0,1976,1976
971,862,764,2,3,567,2,197,36,474,2,2003,1626,2,2268,36,106,27,5,7,764,0,2003,2004
1329,955,0,3,3,0,6,935,63,462,0,1998,1632,3,9084,63,0,28,5,7,935,0,1998,1998
62,1370,0,2,2,24,2,1346,44,484,2,2006,1370,2,6442,44,178,49,5,8,1370,0,2006,2006
1334,765,600,3,3,765,3,0,24,440,3,1970,1365,3,2368,24,312,36,6,5,765,0,1970,1970
852,918,728,4,3,364,5,554,53,240,3,1941,1646,3,7128,53,0,0,5,7,918,0,1941,1950
351,1453,0,2,1,1082,2,371,70,445,2,1986,1453,2,5271,70,0,80,5,7,1453,0,1986,1986
1379,754,640,3,3,0,6,384,73,400,0,2007,1394,2,9735,73,0,0,5,5,384,0,2006,2007
1142,1466,1362,4,1,1150,2,316,77,1052,2,2006,2828,2,9965,77,340,144,5,8,1466,0,2006,2007
1062,1422,915,5,3,0,6,662,85,560,3,1945,2337,3,13600,85,0,57,5,5,662,0,1900,1950
553,1126,0,2,4,0,4,0,67,520,0,2002,1126,2,8777,67,0,96,5,4,0,0,1949,2003
1101,950,0,2,3,640,1,310,61,280,3,1981,950,3,9758,61,0,0,5,5,950,0,1971,1971
13,1494,0,3,0,0,6,1494,91,840,2,2006,1494,2,10652,91,306,33,5,7,1494,160,2006,2007
690,848,0,1,1,697,2,151,70,420,2,2004,848,2,4426,70,147,0,5,6,848,0,2004,2004
1456,2073,0,2,3,1039,0,503,85,500,3,1978,2073,3,13175,85,119,0,6,6,1542,0,1978,1988
1258,1166,0,2,1,655,2,201,59,400,0,2005,1166,2,9587,59,182,0,5,7,856,0,2005,2005
1125,1005,0,2,3,0,6,1005,60,672,3,1977,1005,1,10434,60,0,0,5,4,1005,0,1955,1955
484,999,0,3,3,588,0,411,70,264,3,1963,999,2,7758,70,0,132,7,5,999,0,1962,2001
155,572,524,2,3,0,6,572,60,0,1,1924,1096,3,9600,60,0,8,5,6,572,0,1924,1950
1249,988,0,3,3,590,1,286,60,276,3,1950,988,3,7200,60,0,80,7,5,876,0,1950,1950
622,980,0,3,3,560,1,420,71,484,3,1986,980,3,7064,71,153,0,6,5,980,192,1977,1977
836,1559,0,2,3,338,5,1221,90,812,3,1948,1559,3,8100,90,0,116,6,5,1559,0,1948,1973
1021,1220,0,2,0,684,2,515,64,632,2,2006,1220,2,7406,64,84,54,5,7,1199,0,2006,2006
990,1407,985,3,3,1074,2,322,82,870,0,1997,2392,2,9452,82,423,70,5,8,1396,0,1997,1998
923,1617,0,2,3,1081,3,523,50,533,3,1993,1617,2,8012,50,0,69,5,6,1604,0,1993,1994
1071,829,727,4,3,298,5,429,78,441,3,1968,1556,3,11700,78,0,0,6,6,727,0,1968,1968
430,504,483,2,3,387,0,96,21,264,3,1971,987,3,1680,21,232,0,5,6,483,0,1971,1971
1449,630,0,1,0,553,2,77,21,0,1,1970,630,0,1533,21,0,0,7,5,630,0,1970,1970
687,551,551,2,3,239,2,312,70,480,3,2004,1102,2,5105,70,0,60,5,7,551,0,2004,2004
705,720,372,3,4,0,4,0,70,0,1,1930,1092,1,5600,70,0,0,5,4,0,0,1930,1950
497,1133,687,4,3,329,5,697,60,240,3,1925,1820,3,9120,60,0,100,6,7,1026,0,1925,1950
209,1092,0,3,3,787,5,305,75,504,2,1964,1092,3,8250,75,260,0,7,6,1092,0,1964,1964
720,1742,0,2,1,1148,2,594,70,564,2,1985,1742,2,6563,70,0,28,5,8,1742,0,1985,1985
538,1159,0,3,3,673,1,378,70,336,3,1968,1159,3,11553,70,188,0,5,5,1051,466,1968,1968
1344,728,728,3,3,0,6,728,85,440,0,2006,1456,2,11103,85,0,0,5,7,728,0,2006,2006
754,1026,0,3,3,691,2,335,61,440,2,1969,1026,2,7930,61,0,48,8,6,1026,0,1969,2005
1444,1422,0,3,0,0,6,1422,63,626,2,2004,1422,2,8500,63,106,60,5,7,1422,0,2004,2004
1179,1124,0,3,4,0,4,0,77,0,1,1954,1124,3,8335,77,0,36,5,5,0,0,1954,1954
1070,1048,0,3,3,586,1,462,72,286,3,1956,1048,3,10152,72,120,20,5,5,1048,0,1956,1956
837,504,483,2,3,330,1,153,21,264,3,1973,987,3,1680,21,158,0,5,6,483,0,1973,1973
1156,1265,0,3,1,633,0,586,85,502,2,1965,1265,2,9350,85,0,92,8,5,1219,0,1965,1999
1193,1224,0,2,3,883,2,341,70,402,0,1999,1224,3,4500,70,425,304,5,6,1224,0,1999,1999
375,904,0,1,1,350,1,333,70,0,1,1922,904,1,10020,70,0,0,1,1,683,0,1922,1950
579,1050,745,4,3,0,6,1050,81,352,3,1954,1795,3,12150,81,335,0,5,5,1050,0,1954,1954
710,729,0,2,3,0,6,270,56,0,1,1935,729,3,4130,56,0,0,6,3,270,0,1935,2003
335,1619,167,3,1,1010,6,489,70,529,0,1965,1786,3,164660,70,0,0,6,5,1499,0,1965,1965
569,943,0,2,1,943,2,0,70,600,3,1979,943,3,7032,70,0,0,5,5,943,0,1979,1979
1291,672,630,3,3,231,0,399,21,264,3,1972,1302,3,1680,21,268,0,7,5,630,0,1972,1972
921,1272,928,4,3,1084,0,188,67,0,1,1900,2200,3,8777,67,0,70,7,5,1272,0,1900,2003
795,888,676,3,3,0,6,650,70,476,3,1980,1564,3,8400,70,130,50,6,6,650,0,1980,1981
738,1200,0,3,1,1200,2,0,60,0,1,1987,1200,3,10800,60,0,0,5,5,1200,0,1987,1988
465,1414,0,2,3,0,6,1375,70,398,0,2004,1414,2,3072,70,18,20,5,7,1375,0,2004,2004
473,1976,0,2,1,1350,6,626,110,908,2,2006,1976,2,14977,110,304,63,5,8,1976,0,2006,2007
177,1252,668,4,3,709,0,343,70,451,3,1958,1920,2,13650,70,0,0,5,5,1052,0,1958,1958
1428,804,0,2,3,510,1,278,60,240,3,1940,804,2,7200,60,294,0,7,5,788,0,1940,1992
263,926,0,3,3,234,3,692,50,484,3,1974,1316,3,5500,50,0,0,7,5,926,0,1929,2001
741,912,0,3,2,832,2,80,65,288,3,1962,912,2,6768,65,0,0,8,6,912,0,1961,1996
673,1839,0,3,3,1186,2,291,110,416,0,1957,1839,2,14442,110,106,87,7,6,1477,0,1957,2004
238,1694,0,3,3,0,6,1694,93,818,0,2007,1694,2,12030,93,254,228,5,8,1694,0,2007,2007
654,2113,0,2,1,1696,2,413,91,839,0,1995,2113,2,10437,91,660,46,6,8,2109,0,1995,1995
1026,1264,0,3,3,697,5,571,73,461,3,1960,1264,3,9300,73,324,0,5,5,1268,0,1960,1960
1080,1258,0,3,3,656,0,602,80,528,3,1971,1258,2,11040,80,144,0,7,6,1258,0,1971,2004
210,864,0,2,3,468,5,396,67,0,1,1925,864,3,5604,67,0,0,6,5,864,0,1925,1950
761,1301,0,2,2,405,3,740,60,440,3,1965,1301,1,6911,60,0,0,5,5,1145,0,1924,1950
689,1362,0,2,0,20,0,1342,61,460,3,2005,1362,2,7577,61,256,28,5,6,1362,0,2005,2006
859,1512,1142,4,2,619,1,435,70,619,3,1968,2654,2,11029,70,220,65,7,6,1054,0,1968,1984
1294,864,0,2,3,167,5,697,60,572,3,1957,864,3,8172,60,0,0,7,5,864,0,1955,1990
997,1442,0,2,3,0,6,1442,70,615,2,1970,1442,3,11717,70,571,0,6,6,1442,0,1970,1970
476,1493,0,2,1,994,2,484,75,508,0,1997,1493,2,13125,75,215,39,5,6,1478,0,1997,1998
510,1363,0,2,3,679,1,329,75,288,3,1951,1363,3,14559,75,70,42,7,5,1008,0,1951,2000
1160,855,601,3,3,311,6,544,24,440,3,1978,1456,3,2280,24,0,0,5,6,855,0,1978,1978
994,1718,0,3,1,1172,2,528,96,786,0,2008,1718,0,12456,96,230,48,5,10,1700,216,2006,2007
1430,1104,734,4,0,0,6,732,60,372,0,2005,1838,3,21930,60,0,40,5,5,732,0,2005,2005
594,924,0,3,3,0,6,924,88,280,3,1981,924,3,7990,88,0,0,6,5,924,0,1975,1975
1422,848,0,1,0,686,2,162,37,420,0,2003,848,2,4435,37,170,0,5,6,848,140,2003,2003
1266,964,925,4,3,0,6,925,60,308,3,1960,1889,3,10120,60,0,0,4,7,925,0,1910,1950
1336,1656,0,4,3,0,6,1656,87,506,3,1973,1656,3,9246,87,564,211,5,5,1656,0,1973,1973
660,1142,793,3,3,0,6,793,70,550,2,1976,1935,3,12384,70,233,113,7,7,793,0,1976,1976
596,684,684,3,3,0,6,684,60,216,3,1930,1368,3,3600,60,0,158,7,6,684,0,1910,1993
1331,954,0,3,0,483,0,428,55,576,3,1976,954,3,10780,55,0,0,5,5,911,0,1976,1976
806,980,0,3,0,661,6,319,75,384,0,1967,980,3,9750,75,0,0,5,5,980,0,1967,1967
331,1056,0,3,3,846,5,210,70,308,2,1958,1056,3,8176,70,0,0,6,5,1056,0,1958,1992
542,1680,0,3,3,1112,3,538,78,583,0,1998,1680,2,10140,78,0,73,5,7,1650,78,1998,1999
1232,1224,0,2,4,0,4,0,70,462,3,1962,1224,3,9842,70,0,0,5,4,0,0,1962,1962
605,1186,800,3,3,454,1,314,85,486,3,1965,1986,3,13600,85,176,42,6,7,768,0,1965,1990
186,1217,0,3,0,611,2,577,70,497,3,1990,1217,2,9947,70,0,27,5,7,1188,0,1990,1991
90,1040,0,2,4,0,4,0,60,420,3,1950,1040,3,7200,60,0,29,5,4,0,0,1950,1950
1196,984,879,4,0,0,6,879,58,660,0,2006,1863,2,14054,58,0,17,5,7,879,0,2006,2006
88,1013,0,2,3,0,6,1013,105,0,1,1915,1526,1,8470,105,0,0,2,3,1013,0,1915,1982
240,1566,0,3,0,1078,2,488,75,750,2,2008,1566,2,9000,75,36,168,5,8,1566,0,2008,2008
1372,1108,989,3,0,975,2,133,75,583,2,1998,2097,2,9750,75,0,170,6,7,1108,0,1998,1998
402,672,0,2,3,0,6,672,60,240,3,1940,672,3,10200,60,0,0,8,5,672,0,1940,1997
1321,720,0,2,4,0,4,0,70,287,3,1955,720,3,6627,70,0,0,6,3,0,0,1949,1950
946,1144,0,3,0,771,6,373,70,796,2,1959,1144,3,8163,70,128,0,6,5,1144,0,1959,1959
7,1107,983,3,2,746,0,361,70,484,3,1973,2090,3,10382,70,240,204,6,7,1107,0,1973,1973
744,1337,0,2,3,733,2,604,41,462,2,1993,1337,2,5395,41,0,0,5,8,1337,0,1993,1993
252,842,798,3,3,0,6,798,65,520,2,2004,1640,2,8366,65,0,45,5,6,798,0,2004,2004
814,686,564,3,3,0,6,686,45,280,3,1955,1250,1,8248,45,0,0,7,5,686,0,1918,1950
674,1136,0,3,3,892,5,244,80,384,3,1965,1136,3,9200,80,0,0,6,6,1136,0,1965,1965
403,1165,0,4,3,0,6,1141,93,420,0,1998,2263,2,12090,93,650,123,5,8,1141,144,1998,1998
421,1602,0,3,3,1246,0,356,70,529,0,1977,1602,2,16635,70,126,0,7,6,1602,0,1977,2000
1250,2110,0,3,3,1065,0,1045,93,522,0,1968,2110,0,11160,93,0,0,5,7,2110,0,1968,1968
920,936,785,3,3,814,2,114,70,471,3,1994,1721,2,8462,70,105,87,5,6,928,300,1994,1994
1112,816,0,2,3,708,2,108,73,308,3,1957,816,3,7100,73,0,0,7,5,816,0,1957,1957
739,864,864,3,3,0,6,864,65,572,2,2004,1728,2,9313,65,0,56,5,7,864,0,2004,2004
352,616,495,3,2,236,3,380,60,200,3,1941,1111,3,9084,60,0,0,6,5,616,0,1941,1950
1138,1567,0,2,1,1567,0,0,70,714,2,1977,1567,2,9819,70,0,32,5,6,1567,0,1977,1977
485,1113,0,3,3,607,0,506,80,264,3,1950,1113,2,9600,80,0,80,7,5,1113,0,1950,2007
1326,774,0,3,3,544,5,0,70,0,1,1931,774,2,4270,70,0,0,6,3,544,0,1931,2006
455,1242,0,3,3,916,0,326,80,528,3,1973,1242,3,9600,80,320,0,6,7,1242,0,1973,1973
1307,990,0,3,3,746,0,244,60,480,3,2000,990,3,8072,60,0,64,5,5,990,0,1994,1995
746,1276,980,4,3,300,2,652,70,554,0,2000,2256,2,8795,70,0,54,5,7,952,0,2000,2000
888,2217,0,4,1,1494,0,723,95,621,3,1970,2217,2,15865,95,0,207,6,8,2217,0,1970,1970
386,658,526,5,3,0,6,658,58,0,1,1910,1184,3,8410,58,0,151,3,5,658,0,1910,1996
498,899,0,3,3,450,0,414,65,288,0,1967,899,2,7800,65,89,0,7,5,864,0,1967,2004
1350,1338,1296,6,3,500,3,748,91,968,3,1969,2634,3,11643,91,368,0,5,5,1248,0,1969,1969
1099,1601,0,3,3,704,0,567,82,478,2,1978,1601,3,11880,82,206,0,5,7,1271,0,1978,1978
1429,1440,0,3,3,678,1,762,70,467,0,1981,1440,2,12546,70,310,0,7,6,1440,0,1981,1981
1395,1349,1133,4,1,0,6,1094,88,642,0,2005,2482,2,12665,88,245,39,5,8,1094,0,2005,2006
12,912,0,2,3,737,0,175,70,352,3,1962,912,3,12968,70,0,0,6,5,912,0,1962,1962
223,864,0,2,3,582,0,282,70,576,3,1989,864,3,10500,70,0,0,6,4,864,0,1971,1971
823,944,545,3,3,0,6,778,60,240,3,1940,1489,3,9900,60,0,0,7,6,778,0,1940,1950
353,720,0,2,3,0,6,624,60,484,3,2005,720,3,8520,60,0,0,8,6,624,106,1928,2003
865,1002,0,3,3,828,1,174,70,902,3,1973,1002,3,8750,70,76,0,6,5,1002,0,1970,1970
187,808,704,3,3,0,6,660,60,180,3,1916,1656,3,10410,60,0,0,7,5,660,0,1916,1987
1273,1357,0,2,0,719,0,300,124,312,2,1959,1357,0,11512,124,84,0,7,6,1019,0,1959,2006
911,1268,0,3,0,196,0,1072,70,252,3,1978,1268,2,9286,70,0,0,7,5,1268,0,1977,1989
1238,1141,0,3,3,0,6,1141,63,484,3,2005,1141,3,13072,63,0,0,5,6,1141,0,2005,2005
382,939,858,3,0,0,6,939,79,639,3,2006,1797,2,9245,79,0,53,5,7,939,144,2006,2006
951,965,0,3,3,641,1,187,60,300,3,1979,965,3,7800,60,0,0,5,5,828,0,1965,1965
860,912,514,3,3,0,6,912,55,216,3,1925,1426,2,7642,55,0,240,8,7,912,0,1918,1998
20,1218,1158,4,0,0,6,1158,101,853,2,2005,2376,2,14215,101,380,154,5,8,1158,240,2005,2006
1058,1130,1054,3,0,936,2,168,96,836,0,2008,2184,0,11308,96,154,102,5,9,1104,0,2008,2008
1182,2411,2065,4,0,2096,2,300,160,813,0,1996,4476,0,15623,160,0,78,5,10,2396,0,1996,1996
151,1710,0,2,1,1400,6,310,107,866,2,2007,1710,2,13891,107,436,102,5,8,1710,0,2007,2008
236,1414,0,3,0,24,2,1390,65,494,2,2004,1414,2,8773,65,98,105,5,7,1414,0,2004,2004
1393,1221,691,3,3,0,6,482,60,672,3,2003,1912,3,10800,60,0,25,7,6,482,0,1905,2000
247,1375,0,2,3,0,6,1367,75,451,3,1954,1375,3,11310,75,0,30,5,6,1367,0,1954,1954
789,1111,976,5,1,568,3,264,70,444,0,1966,2087,2,12205,70,157,168,8,6,832,0,1966,2007
1059,1096,895,3,2,297,5,557,70,432,3,1977,1991,3,11275,70,480,0,7,6,854,0,1932,1950
96,1588,0,2,0,1162,0,426,78,472,2,1999,1588,2,10264,78,183,29,5,7,1588,0,1999,1999
41,1328,0,2,1,967,1,383,115,308,3,1959,1328,3,16905,115,0,104,6,5,1350,0,1959,1959
848,1307,1051,5,3,0,6,907,75,360,3,1908,2358,3,45600,75,0,40,8,6,907,0,1908,1997
1299,1246,0,3,3,340,3,906,75,305,2,1959,1246,2,7500,75,0,0,7,5,1246,0,1959,1994
628,1040,1040,5,0,650,5,390,70,504,3,1969,2080,1,11606,70,192,0,5,5,1040,0,1969,1969
1181,1652,0,2,1,1480,2,120,64,482,3,2008,1652,2,5587,64,186,53,5,8,1600,162,2008,2008
735,888,880,2,2,390,6,490,60,320,3,1914,1768,3,10800,60,0,341,7,7,880,0,1914,1970
1284,1699,748,4,3,0,6,804,50,336,3,1969,2447,2,9638,50,0,0,7,6,804,0,1919,1990
1374,1026,932,3,3,0,6,1026,85,936,0,2005,1958,2,10625,85,0,210,5,7,1026,0,2005,2005
1040,1803,0,3,3,764,5,370,88,484,2,1957,1803,3,13125,88,67,0,4,5,1134,0,1957,2000
1169,1831,1796,4,1,1387,2,543,118,807,0,1995,3627,2,35760,118,1378,76,5,10,1930,0,1995,1996
490,688,616,3,2,0,6,264,70,336,0,1976,1304,3,2665,70,0,24,6,5,264,141,1976,1976
1335,1334,0,2,3,686,0,664,80,630,2,1977,1334,3,9650,80,360,16,5,6,1350,0,1977,1977
1097,1088,0,2,3,0,6,1074,70,461,2,1987,1088,2,3696,70,0,74,5,8,1074,0,1986,1986
358,1352,0,3,0,716,1,346,92,288,3,1958,1352,2,6930,92,120,0,4,5,1062,0,1958,1958
1340,872,0,3,3,0,6,858,70,480,3,1974,872,3,8294,70,0,0,5,4,858,0,1971,1971
462,864,0,3,3,553,5,311,60,360,3,1965,864,3,8281,60,0,0,5,5,864,0,1965,1965
148,1080,0,3,3,680,2,400,63,0,1,2004,1080,2,7500,63,120,0,5,7,1080,0,2004,2005
310,804,697,3,3,518,0,179,70,420,0,1993,1501,2,7685,70,112,63,5,6,697,0,1993,1994
703,1032,0,4,3,0,6,360,76,672,3,1999,1812,2,7630,76,0,0,9,5,360,344,1900,1996
931,925,0,2,3,623,1,302,70,429,3,1965,925,3,9100,70,0,0,6,5,925,0,1965,1965
679,988,0,3,3,827,5,161,70,572,3,1963,988,3,9945,70,57,0,5,5,988,0,1961,1961
343,1684,0,2,3,28,2,1656,63,564,2,2005,1684,0,8849,63,616,72,5,9,1684,0,2005,2005
197,1360,1360,3,3,916,6,444,174,795,3,1918,3112,2,25419,174,0,16,4,8,1360,0,1918,1990
936,1200,0,2,3,833,6,343,67,555,2,2003,1200,2,10083,67,0,41,5,7,1176,0,2003,2003
345,972,605,3,3,0,6,972,65,312,3,1939,1577,1,6435,65,0,0,5,6,972,0,1939,1950
73,1086,0,3,3,732,0,354,85,490,3,1989,1086,3,10200,85,104,0,7,5,1086,0,1954,2003
1424,1344,0,2,3,690,0,334,70,484,3,1970,1344,3,9503,70,0,28,5,5,1024,0,1958,1983
453,786,0,3,3,0,6,768,75,676,2,2008,1590,2,9000,75,0,30,5,8,768,0,2008,2008
1423,1575,626,4,0,0,6,697,70,432,3,1966,2201,2,19690,70,0,236,7,6,697,0,1966,1966
1155,1437,0,3,1,1157,0,280,90,528,2,1976,1437,2,10768,90,0,21,8,5,1437,0,1976,2004
974,1136,883,3,3,0,6,728,60,532,3,1997,2019,2,11414,60,0,135,8,7,728,0,1910,1993
428,1208,0,2,3,664,2,544,64,628,2,2007,1208,2,6762,64,108,54,5,7,1208,105,2007,2007
383,784,0,2,3,0,6,784,60,360,3,1950,784,3,9000,60,0,0,3,6,784,0,1928,1950
1394,1500,0,2,0,1070,2,286,53,648,0,2006,1500,2,4045,53,45,20,5,7,1356,0,2006,2006
307,1035,371,3,3,0,6,319,70,0,1,1920,1406,1,7920,70,0,144,7,6,319,0,1920,1950
447,956,930,3,3,0,6,930,70,431,0,1998,1886,2,11214,70,0,0,5,7,930,0,1998,1999
1415,1569,0,1,3,988,6,398,51,660,3,2007,1569,2,3635,51,130,20,5,7,1386,0,2007,2007
396,894,0,2,0,777,5,117,60,600,2,1985,894,3,7200,60,0,0,5,5,894,0,1972,1972
72,885,833,3,3,0,6,832,74,427,0,1998,1718,3,10141,74,40,94,5,7,832,0,1998,1998
1316,1630,0,3,1,0,6,1622,61,860,2,2008,1630,0,10226,61,270,42,5,8,1622,0,2008,2008
584,989,584,3,3,0,6,884,51,240,3,1935,1573,2,6120,51,0,0,7,4,884,0,1935,1995
1012,900,602,3,3,0,6,602,55,180,3,1923,1502,2,10592,55,0,0,7,6,602,0,1923,1996
438,694,0,2,3,365,3,75,40,352,3,1990,694,2,4280,40,0,0,6,5,440,0,1913,2002
79,682,548,2,3,0,6,440,60,440,3,1966,1230,3,10440,60,0,0,6,5,440,0,1910,1981
301,1242,1210,4,3,281,6,747,66,683,0,1998,2452,2,16226,66,0,50,5,8,1028,0,1998,1999
255,1286,1005,4,3,0,6,975,66,429,0,1999,2291,2,8738,66,302,0,5,7,975,0,1999,1999
342,1040,0,2,4,0,4,0,70,400,3,1949,1040,3,8544,70,340,0,4,3,0,0,1949,1950
1037,1208,1055,3,3,0,6,1055,70,905,0,2001,2263,2,9240,70,396,45,5,8,1055,0,2001,2002
1035,845,0,3,4,0,4,0,70,290,3,1957,845,3,11500,70,0,0,3,4,0,0,1957,1957
1371,1661,0,3,0,831,1,161,80,377,2,1955,1661,2,9600,80,0,28,6,6,992,0,1955,1996
61,581,530,3,3,0,6,530,60,288,3,1935,1111,1,7200,60,0,0,7,5,530,0,1920,1996
815,1661,0,3,3,0,6,1649,48,598,2,1998,1661,2,12137,48,442,34,5,7,1649,0,1998,1998
706,1824,0,2,1,1219,2,424,70,739,3,1971,1824,2,115149,70,351,48,5,7,1643,0,1971,2002
120,988,0,1,1,938,0,0,70,540,3,1969,988,3,21453,70,0,130,5,6,938,0,1969,1969
399,1112,438,2,3,812,2,280,65,438,0,2007,1550,2,8125,65,100,168,5,7,1092,0,2006,2007
121,772,351,3,3,0,6,732,50,264,3,1979,1123,3,6060,50,0,0,5,4,732,0,1939,1950
54,1360,0,2,3,384,0,0,60,572,3,1962,1360,3,7134,60,0,50,5,5,384,0,1955,1955
930,1466,0,3,0,16,2,1450,73,610,0,2007,1466,2,8925,73,0,18,5,8,1466,0,2007,2007
492,728,728,3,3,0,6,728,105,429,2,2006,1456,3,15578,105,0,0,5,6,728,0,2006,2006
657,851,651,3,3,0,6,776,60,270,2,1931,1502,3,7200,60,0,0,6,7,776,0,1931,2000
180,769,756,3,3,436,2,320,70,440,3,2000,1525,2,2117,70,456,0,5,6,756,0,2000,2000
805,1428,0,3,3,0,6,1417,91,554,2,2008,1428,0,12274,91,256,60,5,7,1417,0,2008,2008
1288,1659,0,2,3,1158,2,343,40,499,0,2000,1659,0,5664,40,0,59,5,8,1501,0,2000,2000
1224,788,702,3,0,724,2,64,60,388,0,2004,1490,2,15384,60,0,75,5,7,788,0,2004,2005
1272,935,0,3,3,560,1,375,70,288,3,1965,935,3,13526,70,114,0,6,5,935,0,1965,1965
169,1707,0,2,3,0,6,1686,70,511,2,1981,1707,3,16669,70,653,64,6,8,1686,0,1981,1981
1230,1361,1259,4,3,917,2,444,70,600,2,1977,2620,3,18890,70,1,24,5,5,1361,0,1977,1977
53,1842,0,2,1,1810,2,32,68,894,0,1981,1842,2,50271,68,0,72,5,9,1842,0,1981,1987
529,2515,0,4,3,1219,5,816,70,484,3,1975,2515,3,32668,70,0,0,3,6,2035,0,1957,1975
586,838,0,2,2,210,5,606,55,275,0,1961,838,1,10267,55,0,0,7,6,816,0,1918,2000
824,1489,0,3,3,0,6,1489,81,776,2,2006,1489,2,11216,81,0,140,5,8,1489,0,2006,2006
131,1032,1022,3,3,695,2,297,70,390,2,2000,2054,2,12224,70,40,48,5,6,992,0,2000,2000
494,886,0,2,3,0,6,190,50,273,3,1938,886,3,5784,50,0,20,8,5,190,0,1938,1996
1150,932,0,2,3,0,6,932,57,306,3,1950,932,2,8280,57,0,0,5,6,932,0,1950,1950
154,1200,0,4,3,0,6,1200,84,312,3,1923,1200,3,11340,84,0,0,5,6,1200,0,1923,1950
1046,1992,876,4,0,240,2,1752,85,716,0,2005,2868,0,16056,85,208,108,5,9,1992,0,2005,2006
1049,930,0,2,4,0,4,0,60,308,3,1946,930,2,11100,60,0,0,7,4,0,0,1946,2006
36,1097,0,3,3,0,6,1097,112,672,3,1995,1097,3,10859,112,0,64,5,5,1097,0,1994,1995
1439,1040,685,3,3,364,2,175,80,550,2,1979,1725,3,11584,80,96,88,6,7,539,0,1979,1979
211,1212,0,3,2,36,2,1176,83,460,2,2009,1212,2,10420,83,0,22,5,6,1212,0,2009,2009
1390,1525,0,3,0,1400,2,125,70,541,2,2000,1525,2,9100,70,244,36,5,7,1525,0,2000,2000
427,907,0,3,3,288,5,619,77,352,3,1964,907,3,8593,77,0,0,6,4,907,0,1957,1957
1276,735,660,3,3,593,1,130,70,497,3,1972,1395,3,12936,70,0,116,6,6,723,0,1972,1972
100,1610,0,3,2,1200,0,410,70,480,2,1977,1610,2,10603,70,28,68,7,6,1610,0,1977,2001
1369,1668,0,3,0,1116,1,541,48,502,0,2003,1668,2,10635,48,171,262,5,8,1657,0,2003,2003
601,780,595,3,3,0,6,780,50,544,3,1979,1375,2,9000,50,0,162,6,6,780,0,1937,1950
905,1063,0,3,3,712,5,344,80,280,2,1954,1063,3,9920,80,110,0,5,5,1056,0,1954,1954
736,1040,0,2,4,0,4,0,60,400,3,1950,1040,3,8544,60,0,0,4,3,0,0,1950,1950
1146,1298,0,3,3,1258,2,40,70,403,3,1985,1298,2,11200,70,85,26,5,6,1298,0,1985,1985
1219,672,546,3,3,0,6,672,21,0,1,1971,1218,3,1680,21,236,0,5,6,672,0,1971,1971
906,1636,0,3,3,63,2,1560,116,865,2,2006,1636,2,13501,116,208,60,5,8,1623,0,2006,2006
1216,1318,584,4,4,0,4,0,68,539,3,1978,1902,3,8930,68,0,0,5,6,0,0,1978,1978
779,1004,0,2,1,975,2,0,78,504,3,1977,1004,3,10530,78,90,0,5,6,975,0,1977,1977
778,2020,0,4,4,0,4,0,60,630,3,1977,2020,3,8400,60,320,0,5,5,0,0,1977,1977
368,1268,0,2,3,540,3,728,78,244,0,1954,1268,3,7800,78,200,98,6,5,1268,0,1954,1954
996,1050,0,3,3,915,5,135,70,368,3,1961,1050,3,10659,70,0,319,6,5,1050,0,1961,1961
1227,912,0,2,3,595,0,317,72,576,3,1992,912,2,8872,72,300,240,8,5,912,0,1965,2008
1213,960,0,2,0,648,2,0,70,364,3,1965,960,3,10246,70,0,0,9,4,648,0,1965,2001
531,751,611,3,2,0,6,611,60,502,0,1920,1362,3,6155,60,0,0,8,6,611,0,1920,1999
42,884,0,2,0,747,0,93,70,504,2,1983,884,2,9180,70,0,0,7,5,840,240,1983,1983
1106,1442,0,3,2,738,2,172,114,719,0,1990,1442,2,10357,114,0,244,5,7,910,0,1990,1991
757,714,672,3,2,438,5,234,70,440,0,1978,1386,3,11616,70,328,0,5,6,672,0,1978,1978
1074,1240,0,2,0,0,6,1240,74,826,2,2006,1240,2,8556,74,0,93,5,7,1240,0,2006,2006
1078,848,0,2,2,662,2,186,37,420,2,2004,848,2,4435,37,169,0,5,6,848,0,2004,2004
791,1062,0,3,0,539,0,490,70,539,2,1976,1062,3,11333,70,0,0,5,6,1029,120,1976,1976
1133,1142,878,3,3,584,2,544,80,466,2,1995,2020,2,9828,80,0,155,5,8,1128,0,1995,1995
126,958,0,2,3,120,0,958,70,440,2,1977,958,3,4928,70,0,205,5,6,1078,0,1976,1976
766,980,734,3,3,394,6,586,80,496,3,1988,1714,3,10421,80,42,66,5,7,980,0,1988,1988
124,1586,0,3,3,0,6,1362,48,435,3,1979,1586,3,17043,48,0,0,5,6,1362,192,1979,1998
205,1442,0,3,3,0,6,1424,99,500,3,1990,1442,3,11851,99,0,34,5,7,1424,0,1990,1990
324,1898,1080,5,3,0,6,710,96,564,0,1967,2978,2,11275,96,300,0,7,7,710,0,1967,2007
719,971,0,3,1,523,6,448,69,300,3,1969,971,3,9920,69,0,0,6,5,971,0,1969,1969
376,914,0,2,0,298,2,572,57,576,3,1998,914,3,8846,57,0,0,5,5,870,0,1996,1996
355,1200,0,3,3,809,0,391,105,521,2,1995,1200,2,11249,105,0,26,5,6,1200,0,1995,1995
86,876,684,3,0,0,6,684,122,400,0,2005,1560,2,11911,122,0,38,5,6,684,0,2005,2005
1172,625,625,2,3,0,6,625,35,625,0,2006,1250,2,4017,35,0,54,5,7,625,0,2006,2007
558,729,717,3,1,604,2,125,57,406,3,1996,1446,3,21872,57,0,22,5,7,729,0,1996,1997
57,860,0,3,3,0,6,860,89,565,2,2004,1720,2,11645,89,0,70,5,7,860,0,2004,2004
1386,1392,1392,5,3,938,6,454,80,564,2,1978,2784,2,16692,80,184,112,5,7,1392,0,1978,1978
1084,807,691,3,3,592,0,99,70,409,0,1995,1498,3,13031,70,0,44,5,6,691,0,1995,1996
675,855,586,3,3,311,0,544,24,440,3,1978,1441,3,2289,24,0,0,6,6,855,0,1978,1978
1072,1002,454,4,2,0,6,810,50,280,3,1954,1456,3,7585,50,0,0,3,5,810,0,1948,1950
9,1077,0,2,3,851,2,140,50,205,2,1939,1077,3,7420,50,0,4,6,5,991,0,1939,1950
1222,1168,678,3,2,196,5,844,78,315,3,1949,1846,3,10496,78,320,0,6,6,1040,0,1949,1950
555,1048,0,2,3,0,6,993,58,280,3,1922,1048,3,6380,58,0,0,6,5,993,0,1922,1950
158,991,956,3,3,222,2,769,100,678,2,2004,1947,2,12552,100,0,136,5,7,991,0,2004,2005
1079,990,0,3,3,495,2,495,65,299,3,1996,990,3,8775,65,0,64,5,5,990,0,1994,1994
984,1302,432,4,4,0,4,0,75,539,3,1977,1734,2,10125,75,0,0,5,5,0,0,1977,1977
574,576,533,3,0,349,0,23,70,288,3,1971,1109,3,10500,70,82,0,7,5,372,0,1971,2005
730,1616,0,2,3,1180,2,415,39,608,2,1995,1616,2,5389,39,0,152,5,8,1595,0,1995,1996
1107,1134,887,3,3,0,6,868,168,422,2,2006,2021,2,23257,168,0,100,5,7,868,0,2006,2006
1104,672,630,3,3,0,6,630,24,440,3,1970,1302,3,2016,24,304,0,5,5,630,0,1970,1970
743,1464,0,3,0,444,0,76,70,480,2,1997,1464,3,12886,70,0,0,6,5,520,0,1963,1999
1177,818,406,3,3,468,5,350,70,210,3,1926,1224,3,3950,70,0,0,8,6,818,0,1926,2004
941,1038,1022,3,3,772,0,220,70,390,2,1999,2060,2,8755,70,298,0,5,7,992,0,1999,1999
1261,1050,0,2,3,504,5,546,80,338,3,1956,1050,3,9600,80,0,0,6,5,1050,0,1956,1956
1317,1352,0,2,3,0,6,1352,47,466,3,2006,1352,2,4230,47,0,241,5,7,1352,0,2006,2007
897,1120,1120,6,4,0,4,0,64,528,3,1979,2240,3,7018,64,0,0,5,5,0,0,1979,1979
629,1350,0,3,1,841,2,407,82,520,2,1964,1350,3,9020,82,259,0,5,6,1248,0,1964,1964
535,820,527,3,1,969,2,148,70,0,1,1910,1347,3,7000,70,0,0,7,5,1117,0,1910,1991
1407,833,0,3,3,625,6,208,70,0,1,1985,833,3,8780,70,0,0,5,5,833,0,1985,1985
406,1166,0,3,3,0,6,1064,51,240,3,1936,1639,3,10480,51,0,0,5,6,1064,0,1936,1950
1246,797,756,3,3,0,6,756,65,615,2,2005,1553,2,8125,65,0,45,5,7,756,0,2005,2006
568,1496,636,1,1,1441,2,55,79,612,0,1983,2132,2,12327,79,0,40,8,8,1496,349,1983,2009
1290,1152,0,3,0,1014,2,138,70,484,2,1964,1152,3,14112,70,86,0,7,5,1152,0,1964,1964
526,928,0,2,3,377,5,551,70,252,3,1956,928,3,13300,70,0,0,7,5,928,0,1956,2000
582,816,0,3,0,816,2,0,81,0,1,1990,816,3,11841,81,104,32,5,6,816,0,1990,1990
1065,1306,954,3,1,1201,2,105,80,533,3,1996,2260,2,14000,80,0,44,5,7,1306,0,1996,1997
1047,990,0,3,3,686,2,304,57,672,3,1996,990,3,9245,57,0,0,5,5,990,0,1994,1995
678,2046,0,3,2,0,6,2046,80,834,0,2008,2046,2,11844,80,464,82,5,8,2046,0,2008,2008
684,1195,644,4,3,0,6,1195,58,486,0,1998,1839,3,16770,58,30,81,5,7,1195,0,1998,1998
820,798,0,3,3,0,6,798,72,595,2,2003,1640,2,7226,72,0,45,5,7,798,0,2003,2003
872,910,0,3,0,0,6,105,74,414,3,1953,910,2,8892,74,0,0,7,5,105,196,1953,1996
1056,1364,0,2,0,659,2,705,43,484,2,2005,1364,2,7052,43,240,36,5,7,1364,0,2005,2005
811,848,0,1,1,662,2,186,70,420,0,2004,848,2,4438,70,169,0,5,6,848,0,2004,2004
245,1872,0,3,0,929,2,916,80,604,3,1988,1872,3,10400,80,102,39,5,7,1845,197,1988,1988
1218,672,0,2,4,0,4,0,52,0,1,1947,912,3,6240,52,0,0,5,4,0,0,1947,1950
543,767,0,1,0,584,2,139,34,367,0,1998,767,3,4058,34,182,40,5,7,723,0,1998,1998
1088,970,739,3,3,0,6,970,24,380,3,2004,1709,2,2522,24,50,40,5,7,970,0,2004,2004
1323,708,0,2,3,280,3,140,50,0,1,1940,708,1,5330,50,0,0,7,4,420,164,1940,1950
769,1690,1589,4,1,1416,0,234,47,841,0,2003,3279,0,53504,47,603,36,5,8,1650,0,2003,2003
567,1535,0,3,3,2,2,1515,70,532,2,2004,1535,2,10171,70,168,0,5,7,1517,0,2004,2004
537,864,0,3,3,600,1,264,70,576,3,1980,864,3,12735,70,0,0,5,4,864,0,1972,1972
1388,1746,0,3,1,1320,2,426,42,758,0,2006,1746,0,14892,42,160,39,5,9,1746,0,2006,2007
794,1086,809,3,3,0,6,712,70,409,0,1994,1895,2,10832,70,0,46,5,7,712,0,1994,1996
554,1040,1006,3,3,866,2,132,85,871,2,2003,2046,2,10625,85,292,62,5,7,998,0,2003,2004
146,875,0,2,3,209,1,506,51,180,3,1931,875,3,6120,51,0,0,7,5,715,0,1931,1993
991,916,826,4,3,216,1,700,121,424,3,1925,1742,2,17671,121,0,169,9,8,916,0,1882,1986
782,1430,0,3,3,0,6,1413,67,605,2,2001,1430,2,16285,67,0,33,5,7,1413,0,2001,2002
1029,672,546,3,3,317,1,355,21,264,3,1972,1218,3,1680,21,281,28,7,6,672,0,1972,1972
641,1057,872,3,3,738,6,319,70,650,0,2001,1929,2,7050,70,0,235,5,7,1057,0,2001,2001
940,1728,0,4,1,1164,5,564,55,574,3,1976,1728,3,12640,55,0,0,5,6,1728,0,1976,1976
598,1647,0,3,2,1283,0,147,80,621,0,1977,1647,2,12984,80,459,0,6,5,1430,0,1977,1977
1119,1040,0,2,3,369,3,671,70,286,2,1959,1040,3,7560,70,0,0,5,5,1040,0,1959,1959
1041,832,800,4,3,539,2,261,70,484,3,1966,1632,2,9130,70,252,40,8,6,800,0,1966,2000
1060,1338,0,2,2,616,2,722,41,582,0,2001,1338,2,4920,41,0,0,5,8,1338,0,2001,2001
130,1216,941,4,3,445,5,479,88,487,3,1966,2157,2,14200,88,309,66,6,7,924,0,1966,1966
650,843,822,3,3,0,6,813,65,562,2,2007,1665,2,8125,65,0,0,6,7,813,0,2007,2007
732,1153,878,3,0,252,0,901,75,541,0,1998,2031,2,11404,75,202,84,5,7,1153,0,1998,1999
143,1501,0,3,1,679,2,811,78,577,2,1999,1501,2,10335,78,183,29,5,7,1490,0,1999,1999
128,688,660,3,3,512,1,148,69,453,2,1966,1348,3,7590,69,266,108,5,6,660,0,1966,1966
1127,1530,0,3,0,1300,2,230,182,630,0,2004,1530,2,14572,182,0,36,5,7,1530,144,2004,2004
599,840,716,3,3,483,6,233,24,452,0,1980,1556,3,1950,24,0,0,6,6,716,0,1980,1980
495,720,0,2,3,495,5,225,60,0,1,1920,720,3,7879,60,0,523,5,4,720,0,1920,1950
607,1112,896,3,3,603,2,293,78,230,3,1948,2008,0,7800,78,0,0,8,5,896,0,1948,2002
1275,992,928,4,3,220,5,708,95,400,3,1948,1920,3,11345,95,567,0,5,5,928,0,1948,1950
552,1717,0,3,0,0,6,1709,87,908,2,2006,1717,2,11146,87,250,39,5,8,1709,0,2006,2006
1002,1574,0,3,3,24,2,1550,75,824,2,2006,1574,2,11957,75,53,104,5,8,1574,0,2006,2006
303,894,0,3,3,894,0,0,70,552,3,1975,894,3,9800,70,0,0,7,5,894,0,1972,1972
516,1378,741,3,3,0,6,689,70,583,3,1972,2119,3,10448,70,333,104,6,6,689,0,1972,1972
1402,1294,0,2,0,0,6,1286,64,662,2,2006,1294,2,6762,64,0,55,5,7,1286,0,2006,2006
853,1445,0,2,1,564,6,563,70,645,2,1964,1445,3,12095,70,115,0,6,6,1127,0,1964,1964
434,630,0,1,0,495,0,135,21,0,1,1972,630,3,1890,21,0,0,7,4,630,0,1972,1972
1006,1657,0,3,3,1237,3,420,70,484,3,1970,1657,3,12155,70,0,0,3,6,1657,0,1970,1970
961,1542,1330,4,3,896,0,434,70,619,0,1977,2872,3,12227,70,424,282,7,6,1330,550,1977,1995
943,1632,0,4,0,0,6,1632,100,576,3,1967,1632,3,25000,100,0,0,4,5,1632,0,1967,1967
1293,832,832,4,3,194,2,638,78,528,2,1976,1664,3,10140,78,0,28,5,7,832,0,1976,1976
354,1192,403,2,3,388,3,552,60,240,3,1940,1595,3,8400,60,0,0,5,6,940,0,1940,2000
213,990,0,3,3,716,0,274,43,576,3,1996,990,3,13568,43,0,0,5,5,990,0,1995,1995
212,932,920,3,3,822,2,78,72,644,2,2009,1852,2,8640,72,0,108,5,7,900,0,2009,2009
1052,1127,850,4,3,442,5,374,100,540,2,1964,1977,3,9500,100,272,52,6,6,816,0,1964,1978
1205,2196,0,2,2,1454,0,704,90,701,2,1990,2196,2,14684,90,234,70,7,7,2158,84,1990,1991
1048,1771,0,3,4,0,4,0,100,336,3,1960,1771,3,21750,100,75,0,4,5,0,0,1960,2006
398,1077,0,2,3,0,6,961,60,338,3,1920,1077,3,8967,60,0,0,2,5,961,0,1920,1950
64,1057,977,3,3,739,2,318,70,645,2,1998,2034,2,9375,70,573,36,5,7,1057,0,1997,1998
1348,1494,0,3,1,1443,2,39,70,514,2,1998,1494,2,16196,70,0,25,5,7,1482,0,1998,1998
349,1848,880,4,3,1410,2,438,56,706,0,2006,2728,0,20431,56,870,0,5,9,1848,0,2005,2006
38,1057,0,3,3,731,2,326,68,246,3,1953,1057,2,7922,68,0,52,7,5,1057,0,1953,2007
534,707,707,3,0,0,6,707,74,403,0,2004,1414,2,9056,74,0,35,5,8,707,0,2004,2004
1030,980,948,5,2,0,6,686,70,0,1,1916,1928,3,7082,70,0,0,8,5,686,0,1916,1995
401,1310,0,3,0,24,2,1286,65,400,0,2005,1310,2,8767,65,0,0,5,7,1310,0,2005,2005
424,1196,0,2,3,616,3,580,72,297,2,1956,1196,3,9000,72,74,44,5,6,1196,0,1956,1956
972,918,0,2,3,0,6,918,55,264,3,1979,918,3,7892,55,0,0,5,6,918,0,1979,1979
713,960,0,3,0,789,0,171,60,576,3,1970,960,3,9873,60,160,288,5,4,960,0,1970,1970
184,936,316,3,3,0,6,504,92,576,3,1986,1252,3,7438,92,0,0,8,5,504,104,1908,1991
225,672,630,3,3,0,6,630,21,280,3,1991,1302,3,1680,21,142,0,5,5,630,0,1971,1971
203,848,0,1,0,662,2,186,70,420,2,2004,848,2,4438,70,205,0,5,6,848,0,2004,2004
175,2158,0,4,0,477,0,725,84,576,3,1950,2158,2,12615,84,0,29,7,6,1202,0,1950,2001
1199,1382,0,3,3,547,5,504,75,459,3,1974,1382,3,11235,75,51,82,5,4,1051,0,1963,1979
935,747,0,1,2,0,6,600,52,528,3,1953,747,3,5825,52,108,0,5,4,600,0,1926,1953
977,1241,0,1,3,1106,2,135,35,569,3,2007,1241,2,4274,35,0,116,5,7,1241,0,2006,2007
532,827,0,2,4,0,4,0,60,392,3,1967,827,3,7200,60,0,0,7,5,0,0,1955,2007
123,1199,0,2,3,300,2,899,55,530,2,1993,1199,2,7892,55,0,63,5,6,1199,0,1993,1993
987,1940,0,3,0,1646,2,284,83,606,0,2010,1940,0,10159,83,450,95,5,9,1930,0,2009,2010
989,798,778,3,3,0,6,770,65,614,2,2006,1576,2,8125,65,0,50,5,7,770,0,2006,2006
394,735,299,2,3,0,6,735,60,240,3,1940,1034,3,10134,60,0,39,6,5,735,0,1940,1950
422,988,0,2,3,0,6,988,100,520,2,1954,988,3,21750,100,0,0,5,5,988,0,1954,1954
141,1734,0,3,0,1300,2,434,78,660,3,2005,1734,2,11645,78,0,24,5,7,1734,0,2005,2005
527,1476,1237,3,0,1330,2,122,67,858,0,2008,2713,0,14948,67,268,66,5,9,1452,0,2008,2008
1359,1980,0,3,0,1447,2,533,129,770,0,2004,1980,0,16737,129,66,45,5,9,1980,0,2004,2005
1252,874,0,3,3,510,6,354,62,288,2,1968,874,3,9858,62,0,0,6,5,864,33,1968,1968
1313,1422,1177,4,3,0,6,1393,108,779,0,1999,2599,2,14774,108,165,30,5,9,1393,0,1999,1999
272,1164,1106,4,3,524,2,628,92,671,0,1999,2270,2,11764,92,348,57,7,8,1152,0,1999,2007
1214,999,0,3,0,784,1,141,69,300,3,1962,999,3,10205,69,0,72,5,5,925,0,1962,1962
1096,773,582,3,3,0,6,684,60,0,1,1914,1355,2,6882,60,0,0,7,6,684,0,1914,2006
1195,728,728,3,3,0,6,728,51,400,3,2005,1456,2,8029,51,0,24,5,6,728,100,2005,2005
700,1800,0,3,1,1274,2,526,85,765,0,2002,1800,2,14331,85,630,78,5,8,1800,0,2002,2002
944,1344,0,3,3,552,2,267,70,525,2,1958,1344,2,14375,70,541,118,6,6,819,0,1958,1958
332,1629,0,3,3,2160,2,1046,85,880,3,2003,1629,2,10655,85,296,0,5,8,3206,0,2003,2004
1306,1368,0,2,3,0,6,1368,48,474,2,2005,1368,2,6955,48,94,35,5,7,1368,0,2005,2006
627,1520,0,3,0,779,1,377,80,364,2,1955,1520,3,9600,80,164,0,6,6,1156,0,1955,1972
328,1445,689,5,3,0,6,844,70,441,3,1930,2134,2,11888,70,0,60,6,6,844,0,1916,1994
1120,1012,0,2,3,0,6,1012,59,308,3,1920,1012,3,8263,59,0,22,5,6,1012,0,1920,1950
59,780,0,2,0,632,0,148,60,352,3,1973,780,3,7200,60,0,0,7,5,780,196,1972,1972
1233,1188,0,3,3,1000,5,188,70,531,2,1959,1188,3,12160,70,180,0,5,5,1188,0,1959,1959
694,1067,472,3,3,0,6,927,51,576,3,1995,1539,3,6120,51,0,0,6,5,927,0,1936,1950
876,1040,0,3,1,633,0,431,94,648,3,1963,1040,3,25286,94,0,0,5,4,1064,0,1963,1963
300,1336,0,2,2,841,1,324,90,375,3,1953,1336,3,15750,90,56,0,5,5,1165,0,1953,1953
500,672,546,3,3,356,1,316,21,264,3,1973,1218,3,1890,21,285,28,5,6,672,0,1973,1973
174,1651,0,3,3,1398,0,208,47,616,0,1986,1651,3,12416,47,132,0,5,6,1606,0,1986,1986
1397,939,574,4,2,0,6,939,51,180,3,1933,1513,3,6120,51,0,0,8,5,939,24,1920,2004
616,807,702,3,3,457,2,326,70,393,0,2002,1509,2,7861,70,0,75,5,6,783,0,2002,2003
1342,1284,885,3,3,0,6,1284,70,647,2,2002,2169,2,9375,70,149,87,5,8,1284,0,2002,2002
1286,1328,0,3,3,895,0,433,70,528,3,1963,1328,3,9790,70,451,26,5,6,1328,0,1963,1963
1332,816,0,2,2,690,0,126,67,288,3,1958,816,3,8877,67,0,0,6,4,816,0,1938,1958
385,1269,0,2,3,24,2,1232,43,430,0,2004,1269,2,3182,43,16,20,5,8,1256,146,2004,2005
1446,1188,0,3,3,593,6,595,70,312,3,1962,1188,3,26142,70,189,39,7,5,1188,0,1962,1962
533,334,0,1,4,0,4,0,50,0,1,1946,334,1,5000,50,0,0,3,1,0,0,1946,1950
870,894,0,2,3,0,6,894,60,308,3,1962,894,3,6600,60,0,0,5,5,894,0,1962,1962
102,1535,0,4,4,0,4,0,64,410,3,1979,1535,3,7018,64,0,0,5,5,0,0,1979,1979
520,694,600,3,4,0,4,0,60,0,1,1900,1294,3,10800,60,0,114,7,4,0,0,1900,2000
958,1337,0,3,2,699,2,638,65,531,2,2003,1337,2,8450,65,0,39,5,7,1337,0,2003,2003
1073,728,698,3,3,535,1,155,75,440,0,1977,1426,3,7950,75,140,0,6,6,690,252,1977,1977
1325,796,0,2,3,0,6,796,40,0,1,1922,796,3,3636,40,0,0,4,4,796,0,1922,1950
122,1080,0,3,3,570,1,510,75,288,3,1958,1080,3,9464,75,135,0,7,6,1080,0,1958,1958
89,990,0,3,3,588,6,402,60,0,1,1994,990,3,8070,60,0,0,5,4,990,0,1994,1995
759,1328,1203,4,0,888,3,430,65,752,2,1995,2531,2,12257,65,513,98,5,8,1318,0,1995,1995
1038,798,546,3,3,0,6,546,21,0,1,1970,1344,3,1533,21,0,0,6,4,546,0,1970,2008
1458,1078,0,2,2,49,6,1029,68,240,3,1950,1078,2,9717,68,0,0,6,5,1078,0,1950,1996
1025,882,0,2,3,595,3,287,70,461,3,1980,882,3,7700,70,0,0,5,5,882,0,1972,1972
31,1228,0,3,3,0,6,1228,70,271,3,1966,1228,2,8544,70,0,65,6,5,1228,0,1966,2006
479,1131,0,2,3,168,5,739,50,672,3,1995,1131,3,5925,50,435,72,7,4,907,0,1937,2000
884,892,0,3,3,432,1,460,65,288,2,1967,892,3,7150,65,60,0,5,5,892,0,1967,1967
1256,1987,0,2,1,1314,2,672,91,691,0,1994,1987,2,14303,91,554,36,5,8,1986,0,1994,1994
890,672,252,3,2,0,6,672,60,576,3,2003,924,3,8064,60,0,0,7,5,672,0,1949,2006
1380,864,0,2,3,203,5,661,45,200,3,1938,864,3,8212,45,0,0,3,3,864,0,1914,1950
1277,1724,0,3,0,528,0,1152,70,480,2,1967,1724,3,17871,70,359,0,5,6,1680,0,1967,1976
600,1058,846,3,0,546,2,512,74,736,0,2005,1904,0,10927,74,280,60,5,8,1058,0,2005,2005
132,1327,0,2,3,405,5,658,75,624,3,1974,1327,2,7388,75,0,0,6,5,1063,0,1959,2002
451,1533,0,2,1,655,0,878,62,576,3,1975,1533,2,70761,62,0,54,5,7,1533,0,1975,1975
560,1392,0,3,3,1302,6,90,70,528,3,1957,1392,3,11341,70,180,0,6,5,1392,0,1957,1996
623,756,756,2,3,420,2,336,70,440,3,2000,1512,2,2117,70,513,32,5,6,756,0,2000,2000
47,1656,0,3,0,24,2,1632,84,826,3,2006,1656,2,11096,84,0,146,5,8,1656,0,2006,2006
104,1226,592,4,3,224,3,816,70,240,3,1951,1818,3,7758,70,600,0,4,7,1040,0,1931,1950
881,1187,530,3,2,902,3,254,44,400,2,1990,1717,2,13758,44,117,36,5,7,1156,0,1990,1991
202,865,445,2,3,617,3,0,50,398,3,1924,1310,3,7000,50,0,0,6,6,617,0,1924,1950
502,1214,0,2,3,818,0,396,70,461,3,1965,1214,3,9170,70,0,0,7,5,1214,0,1965,1965
280,1175,807,3,0,421,2,386,82,575,3,1989,1982,2,11287,82,340,84,6,7,807,0,1989,1989
1435,1537,0,3,3,0,6,1319,80,462,2,1962,1537,2,8400,80,237,36,9,6,1319,0,1962,2005
457,1663,0,2,1,1116,1,248,70,529,3,1954,1663,2,53227,70,0,137,6,4,1364,0,1954,1994
1274,661,589,3,3,0,6,661,53,552,3,1985,1250,3,5362,53,0,0,6,5,661,0,1910,2003
466,1277,0,2,1,778,2,499,85,526,3,1970,1277,3,10628,85,0,0,5,7,1277,0,1970,1970
496,3228,0,2,3,1231,2,1969,70,546,3,1992,3228,2,12692,70,0,75,5,8,3200,0,1992,1993
1202,884,464,3,3,0,6,884,50,216,3,1960,1348,3,6000,50,0,0,8,5,884,0,1925,1997
137,1959,0,5,3,0,6,1907,82,766,3,1989,1959,3,11070,82,70,0,5,7,1907,0,1988,1989
409,1050,1028,3,3,789,2,245,85,836,0,2008,2078,0,10800,85,100,102,5,8,1034,0,2007,2008
528,605,0,2,2,348,6,180,58,0,1,1920,605,3,9098,58,0,0,7,4,528,0,1920,2002
515,2020,0,3,3,1436,2,570,94,900,0,2009,2020,0,12220,94,305,54,5,10,2006,0,2009,2009
1363,796,616,3,3,0,6,616,73,432,0,2007,1412,2,8499,73,0,36,5,6,616,0,2006,2007
701,1164,0,3,3,0,6,1164,80,528,3,1969,1164,3,9600,80,168,0,5,7,1164,0,1969,1969
493,1269,0,3,3,855,1,414,70,308,3,1964,1269,3,7931,70,0,0,6,5,1269,0,1960,1960
1115,1734,0,3,3,1004,2,730,93,928,3,2007,1734,0,12085,93,328,0,5,8,1734,0,2007,2007
772,1117,0,3,0,694,0,335,94,672,3,1976,1117,3,7819,94,0,0,5,6,1029,0,1976,1976
1403,1464,0,3,1,929,2,556,49,754,3,2007,1464,2,15256,49,84,160,5,8,1485,0,2007,2007
1003,1680,0,4,3,0,6,1680,70,528,3,1976,1680,3,11500,70,164,0,6,5,1680,0,1976,1976
956,668,561,2,3,285,0,276,24,462,0,1980,1229,3,1300,24,0,0,6,6,561,0,1980,1980
1384,698,560,2,2,204,5,356,60,280,3,1939,1258,3,9060,60,0,0,5,6,560,0,1939,1950
432,765,600,2,3,471,0,294,24,440,3,1971,1365,3,1920,24,376,36,5,5,765,0,1971,1971
788,901,0,2,3,0,6,901,50,281,3,1954,901,3,6000,50,0,0,7,4,901,0,1954,2000
369,1287,0,3,3,716,0,347,70,576,0,1997,1287,2,9830,70,0,17,7,5,1063,364,1959,2006
50,794,676,3,0,182,2,612,70,388,0,1997,1470,3,13869,70,0,75,6,6,794,0,1997,1997
1081,1040,0,3,3,824,0,216,75,308,0,1963,1040,3,7500,75,0,0,5,5,1040,0,1963,1963
993,750,750,3,3,0,6,750,68,564,2,2005,1500,2,8846,68,0,35,5,6,750,0,2005,2006
1188,831,829,3,3,0,6,831,68,493,2,2002,1660,2,8935,68,95,68,5,7,831,0,2002,2002
239,798,0,3,3,94,3,641,52,220,3,1949,1487,3,8741,52,0,140,4,6,735,0,1945,1950
377,1580,886,4,3,0,6,1580,102,610,2,2004,2466,2,11143,102,0,214,5,8,1580,0,2004,2005
1333,803,557,2,3,0,6,803,60,297,3,1951,1360,2,7200,60,0,65,6,5,803,0,1938,1995
1050,1302,0,3,0,0,6,1302,73,436,0,2007,1302,2,8993,73,0,22,5,7,1302,0,2007,2007
1339,864,0,3,2,360,5,504,120,288,2,1972,864,3,9560,120,0,0,7,5,864,0,1972,1972
653,756,713,3,3,0,6,756,60,216,3,1906,1469,3,10320,60,0,0,7,6,756,0,1906,1995
933,1500,0,3,0,20,2,1480,63,570,2,2004,1500,2,8487,63,210,36,5,7,1500,0,2004,2004
1352,786,390,2,3,0,6,698,50,624,3,1999,1176,3,6000,50,0,0,9,6,698,0,1937,2000
315,716,716,3,3,425,6,291,71,432,0,2004,1432,2,7795,71,0,51,5,7,716,0,2004,2005
1105,1500,0,3,0,1032,2,431,98,712,2,1994,2622,2,12256,98,362,32,5,8,1463,0,1994,1995
1154,918,902,4,1,454,0,410,70,492,3,1965,1820,2,13700,70,288,84,6,7,864,0,1965,1988
244,1222,888,3,3,695,2,253,70,463,2,1994,2110,2,8880,70,0,130,5,7,948,0,1994,2002
1197,875,815,3,3,0,6,815,65,225,3,1916,1690,3,8850,65,0,0,6,7,815,0,1916,1950
1241,1689,0,3,0,0,6,1689,83,954,2,2007,1689,2,9849,83,0,56,6,7,1689,0,2007,2007
597,1402,0,2,0,0,6,1258,53,648,0,2006,1402,2,3922,53,72,16,5,7,1258,0,2006,2007
1280,1573,0,3,3,788,2,785,67,544,2,2002,1573,2,9808,67,110,72,5,7,1573,0,2002,2002
734,948,0,3,3,0,6,948,70,300,3,1968,948,3,8978,70,0,0,5,5,948,0,1968,1968
932,1905,0,3,3,0,6,1905,84,788,0,2006,1905,0,11670,84,302,191,5,9,1905,0,2006,2006
190,1549,1178,3,3,297,5,556,70,440,3,1932,2727,2,10570,70,0,74,8,8,853,0,1932,1994
278,2121,0,3,1,0,6,2121,107,732,0,2007,2121,0,14450,107,315,98,5,9,2121,0,2006,2007
365,672,672,3,3,456,5,216,59,468,3,1964,1344,3,10690,59,0,128,7,5,672,0,1920,1997
1162,894,0,3,3,492,1,402,109,450,3,1968,894,3,8724,109,0,0,5,5,894,0,1968,1968
503,1801,0,1,3,1247,0,254,100,484,0,1959,1801,3,15602,100,0,54,8,7,1501,0,1959,1997
467,888,0,3,3,386,3,342,79,312,3,1942,1644,2,9480,79,224,0,7,5,728,0,1942,1995
166,1867,0,2,3,1090,3,527,70,303,0,1955,1867,3,10708,70,0,0,5,5,1617,0,1955,1993
854,1779,0,3,2,1188,0,575,102,454,3,1955,1779,3,17920,102,0,418,4,5,1763,0,1955,1974
499,912,0,2,3,615,1,297,70,297,0,1958,912,3,7535,70,0,285,7,5,912,0,1958,1985
1267,2018,0,3,1,0,6,2002,89,746,0,2009,2018,0,13214,89,0,76,5,9,2002,0,2008,2009
1420,708,708,3,3,404,0,304,90,776,2,1968,1416,3,11700,90,420,169,6,6,708,0,1968,1968
262,1212,0,3,0,506,0,0,88,492,3,1978,1212,3,8471,88,46,12,7,6,506,292,1977,1995
1018,802,670,3,3,0,6,384,70,402,2,1991,1472,2,10784,70,76,0,5,7,384,0,1991,1992
1440,1423,748,3,3,0,6,588,79,672,0,1993,2555,3,11526,79,0,0,7,6,588,0,1922,1994
327,1383,0,3,3,565,5,818,80,292,3,1960,1383,3,11600,80,175,45,5,6,1383,0,1960,1960
429,1412,0,3,2,1005,2,387,130,576,3,1988,1412,2,11457,130,0,0,5,6,1392,0,1988,1988
625,1116,0,3,3,0,6,1116,87,440,3,1962,1116,3,10000,87,261,0,6,6,1116,0,1962,1962
1279,698,430,2,3,0,6,698,60,528,2,1980,1128,3,7500,60,0,0,4,4,698,0,1920,1950
536,880,844,3,0,0,6,880,57,527,0,1998,1724,2,8924,57,0,155,5,7,880,0,1998,1999
305,2000,0,3,3,1464,2,536,80,888,3,2004,2000,2,10386,80,246,0,5,8,2000,0,2004,2005
1237,1101,847,3,3,0,6,847,41,434,3,2004,1948,2,12393,41,0,48,5,7,847,0,2004,2005
344,576,536,3,3,361,5,175,36,336,3,1976,1112,3,2592,36,0,0,3,5,536,0,1976,1976
1144,672,252,2,3,348,1,324,60,280,3,1941,924,1,12180,60,0,0,4,4,672,0,1941,1950
389,1742,590,3,0,1280,2,402,96,846,0,2008,2332,0,12474,96,272,134,5,10,1682,0,2007,2008
487,1484,0,3,0,998,0,486,70,487,3,1971,1484,3,12243,70,0,0,6,5,1484,0,1971,1971
373,1319,0,3,3,428,1,180,79,270,3,1953,1319,3,10634,79,0,0,6,5,608,0,1953,1953
692,1281,1238,4,1,965,2,245,42,628,2,1989,2519,2,26178,42,293,27,5,7,1210,0,1989,1990
802,728,728,3,0,648,2,80,63,410,0,2005,1456,2,8199,63,0,18,5,7,728,36,2005,2005
1338,941,920,3,3,700,2,216,95,492,2,2002,1861,2,13450,95,0,91,5,7,916,0,2002,2002
844,876,540,4,2,0,6,876,100,720,3,1949,1416,3,12665,100,0,0,8,5,876,0,1915,1950
1320,1478,0,3,3,996,0,482,70,442,2,1957,1478,3,8400,70,0,0,3,6,1478,0,1957,1957
11,1182,1142,4,3,998,6,177,85,736,0,2005,2324,0,11924,85,286,21,5,9,1175,0,2005,2006
412,1478,0,2,0,578,2,892,70,484,0,2009,1478,2,4403,70,432,144,5,7,1470,0,2009,2009
1304,976,732,3,3,0,6,976,32,380,3,2004,1708,2,3363,32,117,40,5,7,976,0,2004,2004
658,912,546,3,3,0,6,912,78,330,3,1948,1458,3,17503,78,0,0,5,6,912,0,1948,1950
1,1262,0,3,1,978,0,284,80,460,2,1976,1262,3,9600,80,0,0,8,6,1262,0,1976,1976
75,526,462,2,1,462,2,0,21,297,3,1973,988,3,1596,21,0,101,5,4,462,0,1973,1973
1013,1022,0,2,3,689,6,333,60,280,3,1956,1022,3,7200,60,0,30,4,5,1022,0,1910,2006
1163,1258,0,2,0,1198,6,0,60,400,3,1969,1258,3,12900,60,0,0,4,4,1198,0,1969,1969
1427,1048,0,3,3,580,1,333,60,288,3,1962,1558,3,10930,60,0,0,6,5,913,0,1945,1950
149,896,448,3,3,0,6,896,70,240,3,1936,1344,3,6240,70,0,114,4,5,896,0,1936,1950
915,546,546,3,3,0,6,546,21,286,3,1970,1092,3,2001,21,80,0,5,4,546,0,1970,1970
1184,1572,0,3,1,1159,5,413,50,995,2,1963,1572,3,35133,50,226,263,4,5,1572,0,1963,1963
770,858,0,2,0,685,2,173,70,576,3,1983,858,3,7252,70,0,0,5,5,858,120,1982,1982
843,1800,0,6,3,0,6,1800,80,0,1,1961,1800,3,8000,80,0,0,4,5,1800,0,1961,1961
229,1555,0,2,0,16,2,1357,43,430,0,2005,1555,2,3182,43,16,20,5,7,1373,0,2005,2006
942,1440,0,4,1,1440,6,0,42,0,1,1977,1440,3,7711,42,0,0,3,4,1440,0,1977,1977
638,796,0,2,3,0,6,796,67,0,1,1910,796,3,8777,67,0,0,7,5,796,328,1910,1950
1268,1968,1479,4,2,192,5,536,70,1014,3,1982,3447,2,14100,70,632,12,9,8,728,0,1935,1997
922,1316,0,3,3,28,2,1288,65,397,0,2005,1316,2,10237,65,0,0,5,6,1316,0,2005,2006
748,1720,0,3,3,919,2,801,59,527,0,1996,1720,2,10593,59,338,56,5,7,1720,0,1996,1996
153,1252,0,1,1,1079,1,523,70,564,2,1960,1252,3,13500,70,0,0,7,6,1602,0,1960,1975
866,1646,0,3,0,0,6,1638,67,870,2,2007,1646,2,10656,67,274,80,5,8,1638,0,2006,2007
742,1349,0,3,3,0,6,1349,65,539,3,2000,1349,3,8450,65,108,55,5,7,1349,0,2000,2001
74,840,765,3,3,0,6,840,60,379,3,1915,1605,3,5790,60,0,0,6,3,840,0,1915,1950
176,1164,896,4,3,831,2,320,97,521,3,1988,2060,3,10029,97,268,228,5,6,1151,0,1988,1989
338,1621,0,3,2,213,0,995,91,440,3,1984,1621,2,14145,91,0,45,7,7,1208,0,1984,1998
